Output Frequency,Output Current,Output Power,Fin Temperature,Cooling Fin Temperature
48.18,82.05,42.7,32.0,36.0
48.17,80.86,43.7,32.0,36.0
48.16,82.14,40.8,32.0,36.0
48.14,82.67,43.7,32.0,36.0
48.17,86.77,45.7,32.0,36.0
48.17,81.17,46.8,32.0,36.0
48.18,81.79,43.9,32.0,36.0
48.17,81.97,40.4,32.0,36.0
48.15,84.17,45.0,32.0,36.0
48.17,86.15,44.8,32.0,36.0
48.18,80.82,45.8,32.0,36.0
48.17,81.13,44.2,32.0,36.0
48.15,81.17,39.4,32.0,36.0
48.16,83.38,44.5,32.0,36.0
48.18,86.68,46.4,32.0,36.0
48.18,83.02,44.8,32.0,36.0
48.17,80.33,45.1,32.0,36.0
48.15,80.6,43.2,32.0,36.0
48.17,82.27,38.1,32.0,36.0
48.18,82.76,40.9,32.0,36.0
48.18,84.79,45.5,32.0,36.0
48.16,86.42,45.9,32.0,36.0
48.15,83.95,44.0,32.0,36.0
48.17,81.97,46.1,32.0,36.0
48.18,80.33,46.2,32.0,36.0
48.18,80.78,44.6,32.0,36.0
48.14,81.7,42.6,32.0,36.0
48.17,82.54,40.2,32.0,36.0
48.17,81.83,38.9,32.0,36.0
48.17,82.76,42.7,32.0,36.0
48.16,82.76,42.5,32.0,36.0
48.18,84.7,44.3,32.0,36.0
48.16,84.79,45.9,32.0,36.0
48.16,85.8,44.8,32.0,36.0
48.18,87.47,45.7,32.0,36.0
48.17,86.9,46.9,32.0,36.0
48.15,86.15,46.2,32.0,36.0
48.16,85.98,44.9,32.0,36.0
48.17,85.27,44.4,32.0,36.0
48.18,86.42,44.5,32.0,36.0
48.18,86.55,44.4,32.0,36.0
48.18,86.2,44.7,32.0,36.0
48.17,86.2,45.9,32.0,36.0
48.17,87.12,45.8,32.0,36.0
48.16,87.17,44.3,32.0,36.0
48.15,86.2,44.8,32.0,36.0
48.17,84.92,45.2,32.0,36.0
48.17,85.93,45.5,32.0,36.0
48.16,84.43,44.6,32.0,36.0
48.16,83.46,44.7,32.0,36.0
48.17,82.19,42.1,32.0,36.0
48.16,82.01,41.1,32.0,36.0
48.16,81.04,38.8,32.0,36.0
48.17,82.23,42.3,32.0,36.0
48.16,81.35,43.6,32.0,36.0
48.15,80.38,44.6,32.0,36.0
48.17,80.56,45.9,32.0,36.0
48.17,83.07,45.0,32.0,36.0
48.15,86.77,44.5,32.0,36.0
48.17,85.45,45.2,32.0,36.0
48.16,83.07,43.3,32.0,36.0
48.18,81.97,42.0,32.0,36.0
48.16,82.1,41.7,32.0,36.0
48.18,80.03,45.4,32.0,36.0
48.16,80.33,44.5,32.0,36.0
48.16,85.53,44.6,32.0,36.0
48.17,85.18,44.8,32.0,36.0
48.17,82.32,42.0,32.0,36.0
48.16,81.88,39.6,32.0,36.0
48.17,80.95,44.0,32.0,36.0
48.16,80.69,45.4,32.0,36.0
48.17,86.5,45.4,32.0,36.0
48.17,84.21,43.5,32.0,36.0
48.16,80.86,38.7,32.0,36.0
48.16,79.5,43.8,32.0,36.0
48.17,81.52,45.5,32.0,36.0
48.16,86.2,45.1,32.0,36.0
48.16,81.88,41.6,32.0,36.0
48.15,81.97,43.0,32.0,36.0
48.17,80.64,45.9,32.0,36.0
48.16,86.81,46.0,32.0,36.0
48.16,83.02,43.3,32.0,36.0
48.17,82.14,42.7,32.0,36.0
48.17,81.13,45.4,32.0,36.0
48.17,85.8,44.4,32.0,36.0
48.17,81.83,40.1,32.0,36.0
48.16,80.25,44.3,32.0,36.0
48.16,83.9,44.0,32.0,36.0
48.16,83.11,43.0,32.0,36.0
48.16,82.45,43.4,32.0,36.0
48.15,81.66,45.5,32.0,36.0
48.17,84.92,44.7,32.0,36.0
48.17,82.49,41.3,32.0,36.0
48.17,81.04,45.8,32.0,36.0
48.16,85.45,44.4,32.0,36.0
48.16,81.92,41.1,32.0,36.0
48.16,81.0,45.4,32.0,36.0
48.16,84.7,45.1,32.0,36.0
48.17,82.05,42.7,32.0,36.0
48.17,82.93,44.1,32.0,36.0
48.16,82.14,41.8,32.0,36.0
48.17,80.33,44.5,32.0,36.0
48.17,86.9,45.7,32.0,36.0
48.16,82.32,39.3,32.0,36.0
48.16,81.44,45.9,32.0,36.0
48.17,82.36,42.9,32.0,36.0
48.15,80.6,44.3,32.0,36.0
48.17,86.11,46.9,32.0,36.0
48.16,82.36,42.0,32.0,36.0
48.17,83.9,44.8,32.0,36.0
48.17,82.23,40.0,32.0,36.0
48.16,81.35,45.3,32.0,36.0
48.16,82.76,43.4,32.0,36.0
48.16,80.2,44.2,32.0,36.0
48.16,84.26,44.3,32.0,36.0
48.16,81.22,44.3,32.0,36.0
48.17,86.5,44.1,32.0,36.0
48.16,82.27,43.8,32.0,36.0
48.17,86.9,45.7,32.0,36.0
48.17,81.79,43.7,32.0,36.0
48.15,86.99,44.6,32.0,36.0
48.18,82.8,44.2,32.0,36.0
48.17,85.53,45.8,32.0,36.0
48.15,81.04,42.8,32.0,36.0
48.17,85.4,45.2,32.0,36.0
48.17,80.07,44.1,32.0,36.0
48.16,84.57,43.2,32.0,36.0
48.18,80.6,45.1,32.0,36.0
48.16,82.23,41.2,32.0,36.0
48.18,82.23,46.2,32.0,36.0
48.18,81.0,40.1,32.0,36.0
48.16,84.34,43.4,32.0,36.0
48.18,82.71,43.1,32.0,36.0
48.16,85.31,44.6,32.0,36.0
48.18,81.7,44.7,32.0,36.0
48.16,82.63,42.7,32.0,36.0
48.18,82.58,45.9,32.0,36.0
48.16,81.35,38.7,32.0,36.0
48.18,87.56,45.1,32.0,36.0
48.18,79.81,45.3,32.0,36.0
48.16,82.45,41.3,32.0,36.0
48.18,84.12,44.2,32.0,36.0
48.18,82.54,43.3,32.0,36.0
48.18,85.05,46.0,32.0,36.0
48.18,81.83,46.0,32.0,36.0
48.17,82.45,40.8,32.0,36.0
48.17,86.24,45.4,32.0,36.0
48.17,79.81,44.9,32.0,36.0
48.16,81.35,38.5,32.0,36.0
48.15,84.7,44.0,32.0,36.0
48.17,80.6,45.6,32.0,36.0
48.18,82.01,40.9,32.0,36.0
48.18,84.96,45.1,32.0,36.0
48.15,82.27,44.9,32.0,36.0
48.17,81.13,43.9,32.0,36.0
48.16,82.41,42.9,32.0,36.0
48.17,85.18,45.0,32.0,36.0
48.18,80.42,45.7,32.0,36.0
48.18,82.63,40.8,32.0,36.0
48.17,85.98,44.9,32.0,36.0
48.18,84.12,45.8,32.0,36.0
48.18,81.74,45.3,32.0,36.0
48.16,82.1,40.2,32.0,36.0
48.16,85.84,44.0,32.0,36.0
48.17,82.89,45.0,32.0,36.0
48.15,80.38,43.2,32.0,36.0
48.16,81.92,38.4,32.0,36.0
48.15,84.17,43.0,32.0,36.0
48.17,84.7,43.4,32.0,36.0
48.17,80.25,46.3,32.0,36.0
48.16,82.36,43.7,32.0,36.0
48.15,81.22,41.0,32.0,36.0
48.16,84.48,44.0,32.0,36.0
48.16,83.68,42.7,32.0,36.0
48.15,80.11,44.0,32.0,36.0
48.16,82.85,43.0,32.0,36.0
48.16,82.36,40.0,32.0,36.0
48.17,84.65,43.8,32.0,36.0
48.18,87.34,45.2,32.0,36.0
48.17,82.36,45.4,32.0,36.0
48.17,80.56,45.8,32.0,36.0
48.18,81.66,44.3,32.0,36.0
48.17,82.76,40.2,32.0,36.0
48.15,82.36,41.6,32.0,36.0
48.15,83.07,43.1,32.0,36.0
48.17,84.7,44.9,32.0,36.0
48.16,84.87,45.7,32.0,36.0
48.16,82.19,44.4,32.0,36.0
48.18,82.01,45.5,32.0,36.0
48.17,80.11,45.6,32.0,36.0
48.16,81.57,43.4,32.0,36.0
48.16,81.35,41.3,32.0,36.0
48.18,81.66,40.4,32.0,36.0
48.17,81.79,43.0,32.0,36.0
48.14,83.16,43.2,32.0,36.0
48.18,85.93,45.0,32.0,36.0
48.16,85.84,44.9,32.0,36.0
48.16,86.55,46.8,32.0,36.0
48.17,85.67,43.6,32.0,36.0
48.16,83.82,43.5,32.0,36.0
48.17,83.16,45.8,32.0,36.0
48.17,81.88,44.4,32.0,36.0
48.17,82.19,46.9,32.0,36.0
48.16,80.91,44.8,32.0,36.0
48.18,82.05,45.7,32.0,36.0
48.16,80.95,44.9,32.0,36.0
48.18,81.97,46.1,32.0,36.0
48.15,80.2,44.5,32.0,36.0
48.18,82.23,46.2,32.0,36.0
48.15,81.35,45.5,32.0,36.0
48.17,83.07,46.3,32.0,36.0
48.15,82.27,44.2,32.0,36.0
48.15,84.61,43.5,32.0,36.0
48.18,86.28,44.1,32.0,36.0
48.15,85.93,45.5,32.0,36.0
48.17,86.72,45.2,32.0,36.0
48.16,84.04,43.6,32.0,36.0
48.18,83.64,45.1,32.0,36.0
48.18,82.98,43.6,32.0,36.0
48.15,81.0,39.7,32.0,36.0
48.17,82.54,40.0,32.0,36.0
48.17,81.88,43.7,32.0,36.0
48.16,80.56,44.3,32.0,36.0
48.17,81.0,44.9,32.0,36.0
48.18,81.83,46.3,32.0,36.0
48.17,85.45,45.4,32.0,36.0
48.15,85.4,44.1,32.0,36.0
48.15,83.82,43.6,32.0,36.0
48.15,81.79,42.0,32.0,36.0
48.16,81.17,39.3,32.0,36.0
48.17,81.22,44.7,32.0,36.0
48.16,80.95,44.9,32.0,36.0
48.16,84.87,44.1,32.0,36.0
48.16,85.01,43.7,32.0,36.0
48.16,82.54,40.6,32.0,36.0
48.16,83.33,42.6,32.0,36.0
48.17,80.47,45.7,32.0,36.0
48.18,83.86,44.2,32.0,36.0
48.17,85.4,45.5,32.0,36.0
48.17,82.27,42.1,32.0,36.0
48.16,82.32,43.8,32.0,36.0
48.18,80.42,46.0,32.0,36.0
48.17,85.27,44.4,32.0,36.0
48.16,84.17,44.3,32.0,36.0
48.15,81.88,38.7,32.0,36.0
48.16,80.56,45.2,32.0,36.0
48.17,85.89,44.0,32.0,36.0
48.16,82.85,43.7,32.0,36.0
48.17,82.05,41.1,32.0,36.0
48.16,80.73,44.8,32.0,36.0
48.15,86.9,45.5,32.0,36.0
48.17,81.66,42.4,32.0,36.0
48.15,81.44,42.9,32.0,36.0
48.16,81.97,44.9,32.0,36.0
48.17,84.65,44.9,32.0,36.0
48.17,82.54,41.2,32.0,36.0
48.17,81.04,45.6,32.0,36.0
48.17,85.23,44.6,32.0,36.0
48.16,81.79,40.4,32.0,36.0
48.18,80.69,46.1,32.0,36.0
48.17,86.11,44.6,32.0,36.0
48.17,82.27,40.0,32.0,36.0
48.17,80.82,45.8,32.0,36.0
48.16,85.18,43.6,32.0,36.0
48.17,82.45,42.5,32.0,36.0
48.16,82.85,45.1,32.0,36.0
48.18,82.45,43.6,32.0,36.0
48.16,80.82,45.1,32.0,36.0
48.17,85.98,45.5,32.0,36.0
48.15,82.01,41.0,32.0,36.0
48.17,81.66,45.4,32.0,36.0
48.17,83.11,42.9,32.0,36.0
48.15,80.78,44.9,32.0,36.0
48.17,84.7,45.3,32.0,36.0
48.16,81.17,44.2,32.0,36.0
48.18,86.15,44.8,32.0,36.0
48.17,82.01,40.3,32.0,36.0
48.17,83.95,44.5,32.0,36.0
48.16,81.48,39.7,32.0,36.0
48.16,81.83,45.8,32.0,36.0
48.17,81.26,41.3,32.0,36.0
48.18,81.97,46.5,32.0,36.0
48.16,82.41,39.7,32.0,36.0
48.17,83.82,45.3,32.0,36.0
48.16,82.01,38.5,32.0,36.0
48.17,83.11,44.1,32.0,36.0
48.16,81.97,39.1,32.0,36.0
48.16,84.79,44.2,32.0,36.0
48.18,82.71,41.8,32.0,36.0
48.18,86.15,44.6,32.0,36.0
48.17,81.57,43.8,32.0,36.0
48.17,85.8,44.6,32.0,36.0
48.17,81.22,44.7,32.0,36.0
48.16,84.7,44.1,32.0,36.0
48.18,80.38,46.3,32.0,36.0
48.17,81.7,41.1,32.0,36.0
48.16,83.38,44.0,32.0,36.0
48.17,82.23,41.6,32.0,36.0
48.16,85.76,45.0,32.0,36.0
48.15,80.25,44.7,32.0,36.0
48.17,82.1,42.6,32.0,36.0
48.17,83.33,44.1,32.0,36.0
48.16,82.27,42.5,32.0,36.0
48.17,84.96,44.0,32.0,36.0
48.17,80.64,45.6,32.0,36.0
48.17,81.88,39.8,32.0,36.0
48.17,86.37,46.5,32.0,36.0
48.16,80.78,45.3,32.0,36.0
48.16,82.58,40.8,32.0,36.0
48.15,86.64,44.4,32.0,36.0
48.17,80.16,44.6,32.0,36.0
48.17,81.7,41.4,32.0,36.0
48.17,86.59,46.0,32.0,36.0
48.17,80.29,45.2,32.0,36.0
48.16,81.7,41.7,32.0,36.0
48.16,85.71,45.3,32.0,36.0
48.17,80.6,45.4,32.0,36.0
48.16,83.24,42.1,32.0,36.0
48.17,83.55,44.6,32.0,36.0
48.16,85.05,43.8,32.0,36.0
48.17,81.3,45.4,32.0,36.0
48.15,81.57,39.4,32.0,36.0
48.15,85.4,45.0,32.0,36.0
48.17,83.77,44.7,32.0,36.0
48.17,79.41,45.7,32.0,36.0
48.15,81.26,38.4,32.0,36.0
48.18,83.51,45.0,32.0,36.0
48.16,87.3,44.7,32.0,36.0
48.15,81.0,45.0,32.0,36.0
48.18,82.14,43.8,32.0,36.0
48.16,81.61,41.1,32.0,36.0
48.16,83.9,45.1,32.0,36.0
48.17,86.72,47.0,32.0,36.0
48.18,82.1,45.2,32.0,36.0
48.14,79.5,44.2,32.0,36.0
48.16,79.59,45.4,32.0,36.0
48.17,80.86,45.5,32.0,36.0
48.18,81.35,44.3,32.0,36.0
48.17,81.13,43.0,32.0,36.0
48.18,82.23,39.9,32.0,36.0
48.18,82.8,41.7,32.0,36.0
48.16,79.94,44.8,32.0,36.0
48.17,80.38,46.1,32.0,36.0
48.15,79.5,45.0,32.0,36.0
48.18,81.0,45.5,32.0,36.0
48.17,81.0,44.8,32.0,36.0
48.16,82.49,40.3,32.0,36.0
48.16,82.23,38.6,32.0,36.0
48.16,81.08,39.8,32.0,36.0
48.16,81.92,41.2,32.0,36.0
48.16,82.01,39.6,32.0,36.0
48.16,81.7,40.9,32.0,36.0
48.17,82.05,39.8,32.0,36.0
48.17,81.52,42.4,32.0,36.0
48.17,81.92,41.8,32.0,36.0
48.16,81.79,41.4,32.0,36.0
48.16,81.74,40.9,32.0,36.0
48.15,82.67,42.1,32.0,36.0
48.16,82.67,41.0,32.0,36.0
48.17,82.05,39.5,32.0,36.0
48.17,81.3,41.4,32.0,36.0
48.17,81.35,38.7,32.0,36.0
48.17,85.89,45.8,32.0,36.0
48.15,83.46,44.0,32.0,36.0
48.16,83.99,44.3,32.0,36.0
48.17,85.36,46.1,32.0,36.0
48.17,85.62,46.5,32.0,36.0
48.18,86.5,45.9,32.0,36.0
48.16,85.14,43.9,32.0,36.0
48.17,83.82,42.6,32.0,36.0
48.17,81.74,41.4,32.0,36.0
48.18,82.89,41.7,32.0,36.0
48.18,81.39,43.5,32.0,36.0
48.17,80.33,46.1,32.0,36.0
48.16,80.42,45.8,32.0,36.0
48.18,86.02,45.4,32.0,36.0
48.17,85.31,44.2,32.0,36.0
48.17,82.27,41.9,32.0,36.0
48.18,82.36,39.9,32.0,36.0
48.16,80.56,44.3,32.0,36.0
48.17,80.11,44.9,32.0,36.0
48.15,82.71,42.7,32.0,36.0
48.15,85.31,45.2,32.0,36.0
48.15,81.57,42.1,32.0,36.0
48.16,81.08,39.4,32.0,36.0
48.17,81.44,44.7,32.0,36.0
48.18,80.64,45.0,32.0,36.0
48.18,85.4,44.8,32.0,36.0
48.17,85.67,45.0,32.0,36.0
48.18,82.23,41.9,32.0,36.0
48.15,81.04,42.4,32.0,36.0
48.17,80.73,45.5,32.0,36.0
48.19,86.9,46.0,32.0,36.0
48.18,84.34,45.0,32.0,36.0
48.18,82.32,38.4,32.0,36.0
48.16,80.07,44.5,32.0,36.0
48.17,83.55,44.0,32.0,36.0
48.16,84.96,44.1,32.0,36.0
48.18,81.83,40.3,32.0,36.0
48.18,80.6,44.4,32.0,36.0
48.17,83.6,44.4,32.0,36.0
48.17,84.83,44.4,32.0,36.0
48.17,86.5,45.4,32.0,36.0
48.14,82.36,44.8,32.0,36.0
48.18,82.67,40.7,32.0,36.0
48.18,84.83,44.8,32.0,36.0
48.16,82.19,40.4,32.0,36.0
48.16,81.13,45.2,32.0,36.0
48.17,86.24,45.4,32.0,36.0
48.14,81.61,40.7,32.0,36.0
48.14,79.67,45.5,32.0,36.0
48.18,87.21,45.4,32.0,36.0
48.15,81.66,37.5,32.0,36.0
48.18,81.04,45.5,32.0,36.0
48.17,84.65,46.0,32.0,36.0
48.16,81.57,44.5,32.0,36.0
48.17,87.21,45.9,32.0,36.0
48.17,81.22,44.6,32.0,36.0
48.15,83.68,43.7,32.0,36.0
48.14,80.03,45.6,32.0,36.0
48.15,82.27,42.0,32.0,36.0
48.15,80.03,45.6,32.0,36.0
48.17,80.42,44.7,32.0,36.0
48.15,82.45,44.1,32.0,36.0
48.18,80.6,45.5,32.0,36.0
48.16,83.33,45.7,32.0,36.0
48.17,80.91,43.3,32.0,36.0
48.16,81.79,41.2,32.0,36.0
48.16,81.44,44.2,32.0,36.0
48.18,81.48,46.1,32.0,36.0
48.18,82.85,41.2,32.0,36.0
48.18,83.2,44.4,32.0,36.0
48.18,81.7,39.7,32.0,36.0
48.17,82.71,45.7,32.0,36.0
48.14,81.57,40.8,32.0,36.0
48.18,80.42,45.0,32.0,36.0
48.15,81.92,43.0,32.0,36.0
48.17,80.16,46.1,32.0,36.0
48.16,84.92,44.6,32.0,36.0
48.17,80.82,45.2,32.0,36.0
48.18,85.8,45.1,32.0,36.0
48.18,81.3,44.0,32.0,36.0
48.17,86.37,45.6,32.0,36.0
48.17,81.66,44.1,32.0,36.0
48.18,86.33,45.3,32.0,36.0
48.18,82.01,42.7,32.0,36.0
48.18,85.93,44.3,32.0,36.0
48.18,82.05,41.3,32.0,36.0
48.16,86.24,45.8,32.0,36.0
48.18,82.71,43.0,32.0,36.0
48.17,86.2,45.7,32.0,36.0
48.18,82.14,43.9,32.0,36.0
48.14,85.71,45.4,32.0,36.0
48.16,80.78,45.7,32.0,36.0
48.18,83.68,45.3,32.0,36.0
48.17,80.42,45.2,32.0,36.0
48.17,81.97,41.4,32.0,36.0
48.14,82.8,45.3,32.0,36.0
48.18,82.32,39.6,32.0,36.0
48.17,86.24,44.7,32.0,36.0
48.18,82.36,44.2,32.0,36.0
48.15,85.4,45.1,32.0,36.0
48.14,79.54,44.1,32.0,36.0
48.18,81.7,42.9,32.0,36.0
48.16,84.57,44.2,32.0,36.0
48.16,81.26,44.1,32.0,36.0
48.16,85.05,45.3,32.0,36.0
48.15,81.04,46.0,32.0,36.0
48.16,81.61,46.0,32.0,36.0
48.17,81.08,45.7,32.0,36.0
48.18,83.73,43.9,32.0,36.0
48.16,81.66,43.9,32.0,36.0
48.14,83.38,44.2,32.0,36.0
48.14,81.3,45.5,32.0,36.0
48.17,82.01,42.7,32.0,36.0
48.18,84.39,45.4,32.0,36.0
48.18,82.58,46.4,32.0,36.0
48.17,81.61,43.2,32.0,36.0
48.15,83.55,44.2,32.0,36.0
48.14,82.93,43.3,32.0,36.0
48.18,80.6,44.1,32.0,36.0
48.17,82.54,40.9,32.0,36.0
48.16,85.71,46.2,32.0,36.0
48.15,79.81,44.7,32.0,36.0
48.16,81.61,43.0,32.0,36.0
48.18,83.16,43.8,32.0,36.0
48.18,87.3,45.9,32.0,36.0
48.18,80.42,44.9,32.0,36.0
48.18,82.63,42.6,32.0,36.0
48.16,80.95,40.8,32.0,36.0
48.15,84.92,43.6,32.0,36.0
48.17,82.45,44.7,32.0,36.0
48.17,79.85,45.4,32.0,36.0
48.18,82.98,43.1,32.0,36.0
48.17,81.66,42.1,32.0,36.0
48.18,84.43,46.0,32.0,36.0
48.18,83.77,44.9,32.0,36.0
48.17,79.94,46.4,32.0,36.0
48.18,82.27,44.5,32.0,36.0
48.17,81.74,39.5,32.0,36.0
48.17,85.53,45.7,32.0,36.0
48.18,84.87,45.4,32.0,36.0
48.17,79.94,45.4,32.0,36.0
48.17,79.72,44.5,32.0,36.0
48.16,81.52,39.8,32.0,36.0
48.17,82.71,40.5,32.0,36.0
48.18,83.99,45.6,32.0,36.0
48.17,85.89,46.2,32.0,36.0
48.18,82.71,45.2,32.0,36.0
48.17,80.2,46.3,32.0,36.0
48.15,80.33,43.1,32.0,36.0
48.17,82.71,43.0,32.0,36.0
48.15,80.69,39.5,32.0,36.0
48.17,81.83,43.3,32.0,36.0
48.18,85.05,45.4,32.0,36.0
48.16,86.11,44.9,32.0,36.0
48.17,82.67,45.0,32.0,36.0
48.17,80.82,45.8,32.0,36.0
48.17,80.07,45.2,32.0,36.0
48.17,81.74,43.7,32.0,36.0
48.17,81.39,38.5,32.0,36.0
48.17,81.83,41.7,32.0,36.0
48.17,82.58,43.7,32.0,36.0
48.17,84.65,43.8,32.0,36.0
48.17,87.3,46.4,32.0,36.0
48.17,86.2,45.6,32.0,36.0
48.15,82.71,43.7,32.0,36.0
48.17,81.04,45.5,32.0,36.0
48.17,79.72,45.6,32.0,36.0
48.17,80.33,45.0,32.0,36.0
48.16,81.22,43.0,32.0,36.0
48.17,82.58,43.0,32.0,36.0
48.17,81.7,39.4,32.0,36.0
48.17,81.48,39.3,32.0,36.0
48.18,82.01,41.6,32.0,36.0
48.17,81.26,41.8,32.0,36.0
48.15,82.27,40.9,32.0,36.0
48.16,82.45,41.9,32.0,36.0
48.17,82.14,41.9,32.0,36.0
48.17,81.44,41.8,32.0,36.0
48.16,82.49,37.6,32.0,36.0
48.18,82.14,41.2,32.0,36.0
48.18,82.76,40.7,32.0,36.0
48.18,83.02,42.9,32.0,36.0
48.18,83.29,43.3,32.0,36.0
48.18,81.83,43.0,32.0,36.0
48.16,81.39,43.8,32.0,36.0
48.17,80.91,44.2,32.0,36.0
48.17,79.94,45.5,32.0,36.0
48.18,80.91,45.7,32.0,36.0
48.18,80.6,45.5,32.0,36.0
48.17,80.91,45.5,32.0,36.0
48.15,82.1,44.6,32.0,36.0
48.18,83.77,43.9,32.0,36.0
48.16,86.2,44.9,32.0,36.0
48.15,85.89,45.5,32.0,36.0
48.17,86.28,45.4,32.0,36.0
48.17,84.96,46.2,32.0,36.0
48.17,82.36,43.9,32.0,36.0
48.17,81.88,41.6,32.0,36.0
48.17,82.14,39.1,32.0,36.0
48.17,80.91,43.9,32.0,36.0
48.17,80.95,45.1,32.0,36.0
48.17,81.52,47.1,32.0,36.0
48.14,82.36,43.8,32.0,36.0
48.16,85.36,45.6,32.0,36.0
48.15,84.83,43.6,32.0,36.0
48.16,82.19,42.0,32.0,36.0
48.16,81.88,41.4,32.0,36.0
48.15,81.74,40.4,32.0,36.0
48.17,80.6,44.2,32.0,36.0
48.18,80.42,46.3,32.0,36.0
48.17,83.38,45.4,32.0,36.0
48.17,86.64,46.5,32.0,36.0
48.17,84.34,44.3,32.0,36.0
48.18,82.01,41.2,32.0,36.0
48.18,82.41,42.1,32.0,36.0
48.17,81.04,44.8,32.0,36.0
48.17,81.83,45.3,32.0,36.0
48.18,86.33,45.1,32.0,36.0
48.17,84.79,44.4,32.0,36.0
48.17,83.11,45.0,32.0,36.0
48.17,81.83,40.3,32.0,36.0
48.16,80.42,44.0,32.0,36.0
48.16,79.98,43.9,32.0,36.0
48.16,82.63,44.7,32.0,36.0
48.15,85.93,44.9,32.0,36.0
48.16,82.45,44.6,32.0,36.0
48.15,81.66,39.0,32.0,36.0
48.17,81.26,44.2,32.0,36.0
48.18,81.04,45.3,32.0,36.0
48.17,86.72,46.4,32.0,36.0
48.17,83.77,44.5,32.0,36.0
48.18,81.88,41.0,32.0,36.0
48.16,81.48,43.9,32.0,36.0
48.16,80.07,45.8,32.0,36.0
48.15,84.92,44.4,32.0,36.0
48.18,85.05,45.2,32.0,36.0
48.17,81.57,41.1,32.0,36.0
48.16,79.72,44.0,32.0,36.0
48.17,82.98,45.4,32.0,36.0
48.15,84.48,45.1,32.0,36.0
48.17,81.61,42.0,32.0,36.0
48.17,81.17,44.8,32.0,36.0
48.17,82.98,44.7,32.0,36.0
48.17,85.36,45.8,32.0,36.0
48.17,82.23,41.0,32.0,36.0
48.17,81.0,45.2,32.0,36.0
48.17,84.43,44.9,32.0,36.0
48.17,83.24,44.9,32.0,36.0
48.16,80.78,45.9,32.0,36.0
48.18,85.76,46.5,32.0,36.0
48.16,82.54,38.8,32.0,36.0
48.18,84.04,44.4,32.0,36.0
48.16,82.71,43.5,32.0,36.0
48.18,81.08,44.4,32.0,36.0
48.16,86.42,45.2,32.0,36.0
48.18,81.3,38.3,32.0,36.0
48.18,80.6,45.7,32.0,36.0
48.18,82.05,40.1,32.0,36.0
48.16,80.16,45.1,32.0,36.0
48.16,82.36,44.1,32.0,36.0
48.18,80.25,45.1,32.0,36.0
48.16,80.16,46.1,32.0,36.0
48.18,84.26,43.5,32.0,36.0
48.17,80.38,45.4,32.0,36.0
48.16,84.08,45.0,32.0,36.0
48.16,82.23,42.4,32.0,36.0
48.15,82.36,44.6,32.0,36.0
48.18,82.76,43.0,32.0,36.0
48.18,81.26,45.4,32.0,36.0
48.18,84.79,43.9,32.0,36.0
48.17,81.44,44.1,32.0,36.0
48.18,87.34,46.4,32.0,36.0
48.14,81.35,39.1,32.0,36.0
48.15,82.98,44.4,32.0,36.0
48.18,83.02,42.4,32.0,36.0
48.18,81.04,46.1,32.0,36.0
48.15,82.14,41.9,32.0,36.0
48.16,80.47,45.6,32.0,36.0
48.15,82.49,43.2,32.0,36.0
48.16,79.98,44.9,32.0,36.0
48.14,82.54,43.3,32.0,36.0
48.18,80.78,45.8,32.0,36.0
48.18,84.21,44.3,32.0,36.0
48.16,79.76,44.3,32.0,36.0
48.15,82.41,42.1,32.0,36.0
48.17,80.56,45.0,32.0,36.0
48.17,82.27,43.0,32.0,36.0
48.17,82.32,46.2,32.0,36.0
48.17,83.33,42.3,32.0,36.0
48.15,84.61,44.7,32.0,36.0
48.15,80.07,44.5,32.0,36.0
48.16,81.66,42.6,32.0,36.0
48.17,81.61,45.7,32.0,36.0
48.16,82.05,37.7,32.0,36.0
48.17,87.21,45.7,32.0,36.0
48.16,80.69,44.1,32.0,36.0
48.15,84.52,44.6,32.0,36.0
48.15,79.32,44.8,32.0,36.0
48.17,82.49,41.9,32.0,36.0
48.17,84.48,44.7,32.0,36.0
48.16,81.52,40.8,32.0,36.0
48.16,85.4,44.0,32.0,36.0
48.18,81.35,45.4,32.0,36.0
48.15,81.61,41.2,32.0,36.0
48.17,84.08,43.1,32.0,36.0
48.18,82.98,44.0,32.0,36.0
48.16,85.36,45.0,32.0,36.0
48.15,80.51,46.0,32.0,36.0
48.14,80.91,37.0,32.0,36.0
48.16,85.93,46.0,32.0,36.0
48.17,79.98,44.5,32.0,36.0
48.14,81.35,38.3,32.0,36.0
48.15,84.57,44.4,32.0,36.0
48.17,80.42,45.3,32.0,36.0
48.15,81.61,39.8,32.0,36.0
48.16,84.83,44.5,32.0,36.0
48.18,81.39,46.0,32.0,36.0
48.18,82.58,41.7,32.0,36.0
48.15,83.64,44.5,32.0,36.0
48.16,83.33,45.2,32.0,36.0
48.16,79.98,43.4,32.0,36.0
48.16,80.51,43.8,32.0,36.0
48.15,81.44,40.3,32.0,36.0
48.17,86.24,46.6,32.0,36.0
48.18,80.16,45.1,32.0,36.0
48.17,82.67,42.2,32.0,36.0
48.14,82.76,43.2,32.0,36.0
48.18,85.36,44.9,32.0,36.0
48.15,81.79,45.1,32.0,36.0
48.17,80.25,44.2,32.0,36.0
48.15,81.66,39.1,32.0,36.0
48.18,85.53,45.1,32.0,36.0
48.15,82.32,44.6,32.0,36.0
48.17,81.35,45.0,32.0,36.0
48.18,80.91,43.8,32.0,36.0
48.14,81.88,39.7,32.0,36.0
48.15,83.16,43.2,32.0,36.0
48.18,86.72,45.7,32.0,36.0
48.18,82.98,45.3,32.0,36.0
48.15,80.91,45.2,32.0,36.0
48.15,79.81,43.8,32.0,36.0
48.17,81.52,40.6,32.0,36.0
48.18,82.58,41.1,32.0,36.0
48.15,84.79,44.1,32.0,36.0
48.18,84.74,44.2,32.0,36.0
48.17,80.73,45.6,32.0,36.0
48.14,80.03,43.8,32.0,36.0
48.17,82.71,39.2,32.0,36.0
48.16,82.63,40.9,32.0,36.0
48.16,85.8,45.0,32.0,36.0
48.18,85.18,44.8,32.0,36.0
48.18,81.35,45.8,32.0,36.0
48.19,80.51,44.7,32.0,36.0
48.18,82.58,41.2,32.0,36.0
48.16,81.52,41.1,32.0,36.0
48.15,84.34,44.0,32.0,36.0
48.17,87.17,46.9,32.0,36.0
48.15,80.78,44.9,32.0,36.0
48.18,80.56,46.2,32.0,36.0
48.17,81.44,43.2,32.0,36.0
48.17,82.76,39.6,32.0,36.0
48.15,82.67,41.5,32.0,36.0
48.16,84.43,44.8,32.0,36.0
48.18,86.33,44.6,32.0,36.0
48.16,82.45,45.6,32.0,36.0
48.18,80.25,45.2,32.0,36.0
48.18,81.74,43.9,32.0,36.0
48.16,81.79,39.7,32.0,36.0
48.16,81.52,43.2,32.0,36.0
48.15,84.12,44.8,32.0,36.0
48.17,86.64,47.1,32.0,36.0
48.18,82.67,46.2,32.0,36.0
48.18,81.48,46.5,32.0,36.0
48.18,80.64,44.1,32.0,36.0
48.16,81.26,39.8,32.0,36.0
48.17,82.98,41.4,32.0,36.0
48.15,83.46,44.9,32.0,36.0
48.16,86.64,44.8,32.0,36.0
48.17,83.82,45.2,32.0,36.0
48.16,80.38,46.4,32.0,36.0
48.17,80.86,44.4,32.0,36.0
48.18,81.88,44.0,32.0,36.0
48.15,80.6,37.5,32.0,36.0
48.15,81.92,41.6,32.0,36.0
48.18,84.74,45.6,32.0,36.0
48.16,85.53,46.6,32.0,36.0
48.17,83.86,43.8,32.0,36.0
48.17,82.1,45.6,32.0,36.0
48.15,80.56,44.7,32.0,36.0
48.15,80.03,43.1,32.0,36.0
48.16,79.5,45.2,32.0,36.0
48.16,79.94,46.1,32.0,36.0
48.18,80.95,44.5,32.0,36.0
48.15,81.26,42.6,32.0,36.0
48.15,80.73,37.7,32.0,36.0
48.15,80.51,37.3,32.0,36.0
48.16,81.52,40.6,32.0,36.0
48.17,83.64,44.5,32.0,36.0
48.17,86.06,43.9,32.0,36.0
48.18,87.83,46.2,32.0,36.0
48.15,84.43,44.0,32.0,36.0
48.17,86.06,44.1,32.0,36.0
48.17,83.51,45.2,32.0,36.0
48.15,81.22,45.5,32.0,36.0
48.16,80.73,44.5,32.0,36.0
48.17,80.69,46.4,32.0,36.0
48.17,81.04,45.3,32.0,36.0
48.16,80.25,43.8,32.0,36.0
48.18,81.22,44.3,32.0,36.0
48.15,81.08,42.8,32.0,36.0
48.16,81.13,44.1,32.0,36.0
48.17,82.49,42.3,32.0,36.0
48.17,81.44,43.6,32.0,36.0
48.17,81.22,43.6,32.0,36.0
48.16,81.83,44.1,32.0,36.0
48.17,81.83,44.8,32.0,36.0
48.16,81.17,44.8,32.0,36.0
48.17,81.35,45.3,32.0,36.0
48.14,79.54,44.0,32.0,36.0
48.14,80.11,44.6,32.0,36.0
48.17,82.8,46.7,32.0,36.0
48.17,84.57,43.7,32.0,36.0
48.15,86.5,44.2,32.0,36.0
48.16,84.08,44.9,32.0,36.0
48.17,82.27,43.5,32.0,36.0
48.16,82.23,40.6,32.0,36.0
48.17,81.44,42.9,32.0,36.0
48.17,81.13,45.3,32.0,36.0
48.17,79.63,45.4,32.0,36.0
48.17,82.58,45.0,32.0,36.0
48.15,86.9,45.3,32.0,36.0
48.18,84.74,44.2,32.0,36.0
48.16,82.98,42.7,32.0,36.0
48.17,82.01,39.3,32.0,36.0
48.16,82.49,43.0,32.0,36.0
48.18,80.38,46.4,32.0,36.0
48.17,80.73,46.3,32.0,36.0
48.18,85.84,45.1,32.0,36.0
48.17,85.09,45.4,32.0,36.0
48.17,83.33,42.4,32.0,36.0
48.17,82.67,39.8,32.0,36.0
48.18,79.85,44.5,32.0,36.0
48.16,81.04,45.4,32.0,36.0
48.17,86.94,44.7,32.0,36.0
48.16,83.55,44.1,32.0,36.0
48.17,83.07,41.2,32.0,36.0
48.17,80.82,44.1,32.0,36.0
48.18,81.83,45.5,32.0,36.0
48.15,85.67,45.9,32.0,36.0
48.16,81.26,41.3,32.0,36.0
48.16,82.93,41.7,32.0,36.0
48.16,79.76,45.1,32.0,36.0
48.15,86.99,45.5,32.0,36.0
48.16,82.85,42.1,32.0,36.0
48.15,82.05,41.8,32.0,36.0
48.16,80.86,45.2,32.0,36.0
48.15,86.59,45.0,32.0,36.0
48.15,82.71,40.8,32.0,36.0
48.16,81.13,42.7,32.0,36.0
48.16,82.01,44.5,32.0,36.0
48.18,85.27,45.5,32.0,36.0
48.15,82.14,38.2,32.0,36.0
48.17,80.73,46.4,32.0,36.0
48.17,86.42,44.4,32.0,36.0
48.16,81.17,38.8,32.0,36.0
48.18,80.86,45.9,32.0,36.0
48.17,85.84,45.4,32.0,36.0
48.18,82.45,39.1,32.0,36.0
48.16,80.6,45.0,32.0,36.0
48.16,84.87,45.5,32.0,36.0
48.18,83.11,40.8,32.0,36.0
48.16,80.47,44.9,32.0,36.0
48.17,83.86,44.7,32.0,36.0
48.18,81.39,43.5,32.0,36.0
48.17,84.87,44.5,32.0,36.0
48.18,81.88,40.6,32.0,36.0
48.16,79.32,45.0,32.0,36.0
48.18,85.76,45.1,32.0,36.0
48.16,82.23,43.4,32.0,36.0
48.17,85.49,44.7,32.0,36.0
48.17,82.32,40.8,32.0,36.0
48.18,81.48,46.3,32.0,36.0
48.18,84.74,44.7,32.0,36.0
48.18,81.04,45.1,32.0,36.0
48.15,85.58,45.2,32.0,36.0
48.17,83.51,43.1,32.0,36.0
48.15,85.05,44.4,32.0,36.0
48.16,82.98,39.2,32.0,36.0
48.18,82.93,45.3,32.0,36.0
48.16,81.52,39.0,32.0,36.0
48.16,81.48,45.3,32.0,36.0
48.17,81.61,42.2,32.0,36.0
48.15,79.5,45.3,32.0,36.0
48.18,83.95,43.1,32.0,36.0
48.14,79.76,45.0,32.0,36.0
48.14,82.54,42.9,32.0,36.0
48.17,79.94,45.4,32.0,36.0
48.18,83.77,44.4,32.0,36.0
48.18,80.16,44.9,32.0,36.0
48.14,83.29,44.7,32.0,36.0
48.15,80.42,45.4,32.0,36.0
48.17,83.29,43.8,32.0,36.0
48.15,80.42,45.6,32.0,36.0
48.14,84.48,44.9,32.0,36.0
48.18,80.25,44.3,32.0,36.0
48.14,85.53,44.7,32.0,36.0
48.17,81.13,43.6,32.0,36.0
48.18,86.64,46.7,32.0,36.0
48.18,82.32,42.8,32.0,36.0
48.16,84.79,43.7,32.0,36.0
48.14,82.01,39.1,32.0,36.0
48.18,81.97,45.3,32.0,36.0
48.15,81.97,42.1,32.0,36.0
48.17,80.6,46.3,32.0,36.0
48.14,84.26,44.3,32.0,36.0
48.16,80.86,44.1,32.0,36.0
48.17,86.55,44.9,32.0,36.0
48.16,82.63,41.1,32.0,36.0
48.18,84.48,44.8,32.0,36.0
48.17,82.36,41.4,32.0,36.0
48.16,80.56,44.4,32.0,36.0
48.14,81.92,42.1,32.0,36.0
48.17,80.42,45.2,32.0,36.0
48.17,83.95,44.1,32.0,36.0
48.15,79.98,44.9,32.0,36.0
48.17,84.87,45.0,32.0,36.0
48.15,80.6,44.1,32.0,36.0
48.17,86.68,46.1,32.0,36.0
48.17,82.14,43.2,32.0,36.0
48.17,86.37,44.6,32.0,36.0
48.17,82.76,42.1,32.0,36.0
48.17,86.28,45.2,32.0,36.0
48.15,81.52,38.9,32.0,36.0
48.17,82.58,45.2,32.0,36.0
48.17,81.74,40.9,32.0,36.0
48.17,82.93,44.7,32.0,36.0
48.18,82.32,39.1,32.0,36.0
48.17,82.89,45.1,32.0,36.0
48.17,82.49,40.6,32.0,36.0
48.15,81.26,45.3,32.0,36.0
48.15,81.17,39.7,32.0,36.0
48.14,80.73,45.6,32.0,36.0
48.16,81.13,39.9,32.0,36.0
48.14,81.08,45.4,32.0,36.0
48.16,81.57,39.4,32.0,36.0
48.18,82.27,45.5,32.0,36.0
48.18,81.48,40.9,32.0,36.0
48.18,81.52,45.5,32.0,36.0
48.17,82.36,42.3,32.0,36.0
48.18,82.71,46.0,32.0,36.0
48.16,81.17,39.1,32.0,36.0
48.18,85.8,43.9,32.0,36.0
48.16,82.05,43.1,32.0,36.0
48.16,85.4,44.9,32.0,36.0
48.18,80.64,45.7,32.0,36.0
48.17,82.98,44.4,32.0,36.0
48.16,81.97,44.1,32.0,36.0
48.16,82.41,41.5,32.0,36.0
48.15,86.06,45.1,32.0,36.0
48.15,80.2,44.9,32.0,36.0
48.18,83.33,43.2,32.0,36.0
48.16,84.17,44.2,32.0,36.0
48.17,82.45,43.8,32.0,36.0
48.18,84.61,45.6,32.0,36.0
48.18,81.61,46.5,32.0,36.0
48.16,82.85,42.7,32.0,36.0
48.16,83.99,45.1,32.0,36.0
48.16,83.02,44.7,32.0,36.0
48.15,81.61,43.6,32.0,36.0
48.18,84.12,44.3,32.0,36.0
48.17,82.14,46.5,32.0,36.0
48.15,82.19,42.6,32.0,36.0
48.17,84.34,44.2,32.0,36.0
48.15,81.22,45.9,32.0,36.0
48.17,82.01,44.2,32.0,36.0
48.15,82.76,43.4,32.0,36.0
48.18,83.02,45.3,32.0,36.0
48.17,81.92,42.6,32.0,36.0
48.18,83.55,46.1,32.0,36.0
48.18,81.79,44.9,32.0,36.0
48.17,82.14,44.6,32.0,36.0
48.16,83.42,43.7,32.0,36.0
48.17,83.6,44.9,32.0,36.0
48.16,80.42,44.3,32.0,36.0
48.16,81.17,41.3,32.0,36.0
48.16,86.64,45.3,32.0,36.0
48.15,80.29,44.8,32.0,36.0
48.17,82.54,44.7,32.0,36.0
48.15,81.66,42.4,32.0,36.0
48.16,85.58,46.6,32.0,36.0
48.15,81.52,43.8,32.0,36.0
48.18,81.08,44.6,32.0,36.0
48.18,82.19,39.6,32.0,36.0
48.14,84.17,45.0,32.0,36.0
48.17,83.86,44.6,32.0,36.0
48.14,79.23,44.5,32.0,36.0
48.17,83.16,43.2,32.0,36.0
48.17,82.71,42.0,32.0,36.0
48.15,80.91,42.5,32.0,36.0
48.17,86.9,47.1,32.0,36.0
48.17,83.07,45.4,32.0,36.0
48.16,80.03,44.5,32.0,36.0
48.18,82.32,44.1,32.0,36.0
48.16,81.22,39.7,32.0,36.0
48.16,83.99,43.3,32.0,36.0
48.18,86.06,46.6,32.0,36.0
48.16,84.7,44.5,32.0,36.0
48.16,82.1,45.6,32.0,36.0
48.15,81.17,45.5,32.0,36.0
48.17,82.05,41.4,32.0,36.0
48.16,81.97,41.1,32.0,36.0
48.16,84.43,45.2,32.0,36.0
48.15,87.39,46.0,32.0,36.0
48.16,85.01,43.9,32.0,36.0
48.17,81.3,46.6,32.0,36.0
48.15,79.41,44.2,32.0,36.0
48.17,80.51,44.2,32.0,36.0
48.16,81.74,40.3,32.0,36.0
48.16,81.74,42.0,32.0,36.0
48.17,84.57,43.8,32.0,36.0
48.16,85.76,44.3,32.0,36.0
48.16,86.99,46.3,32.0,36.0
48.16,84.74,43.4,32.0,36.0
48.16,82.58,43.9,32.0,36.0
48.16,82.49,45.8,32.0,36.0
48.16,80.73,45.4,32.0,36.0
48.15,80.86,45.1,32.0,36.0
48.17,79.59,45.2,32.0,36.0
48.15,81.17,44.9,32.0,36.0
48.17,80.07,44.2,32.0,36.0
48.17,80.6,45.0,32.0,36.0
48.17,80.86,43.7,32.0,36.0
48.17,81.97,43.1,32.0,36.0
48.17,82.36,39.4,32.0,36.0
48.16,81.26,41.1,32.0,36.0
48.17,83.33,41.1,32.0,36.0
48.16,81.88,38.7,32.0,36.0
48.18,82.89,40.2,32.0,36.0
48.17,81.44,41.9,32.0,36.0
48.15,83.02,40.0,32.0,36.0
48.17,82.49,43.7,32.0,36.0
48.15,83.24,41.9,32.0,36.0
48.17,83.55,43.6,32.0,36.0
48.16,83.46,43.7,32.0,36.0
48.17,83.38,45.6,32.0,37.0
48.17,84.96,44.7,32.0,37.0
48.17,86.59,45.9,32.0,37.0
48.16,86.68,46.6,32.0,36.0
48.15,86.24,43.8,32.0,36.0
48.16,82.8,45.1,32.0,36.0
48.17,82.14,45.7,32.0,36.0
48.17,80.29,44.6,32.0,36.0
48.17,80.2,45.1,32.0,36.0
48.16,80.42,44.6,32.0,37.0
48.17,80.42,45.2,32.0,37.0
48.16,81.13,43.6,32.0,37.0
48.15,81.22,43.2,32.0,36.0
48.16,82.67,43.6,32.0,36.0
48.17,82.19,42.5,32.0,36.0
48.17,81.83,39.9,32.0,36.0
48.17,82.23,40.6,32.0,36.0
48.16,82.23,40.6,32.0,36.0
48.17,81.97,40.8,32.0,36.0
48.16,82.54,41.8,32.0,36.0
48.17,82.49,42.6,32.0,36.0
48.16,82.49,42.1,32.0,36.0
48.17,82.76,44.2,32.0,36.0
48.17,82.71,43.8,32.0,36.0
48.17,83.16,43.5,32.0,36.0
48.17,82.67,43.1,32.0,37.0
48.16,83.07,43.4,32.0,36.0
48.16,81.97,42.1,32.0,36.0
48.16,81.97,42.3,32.0,37.0
48.17,81.57,40.7,32.0,37.0
48.16,81.92,39.7,32.0,37.0
48.16,81.92,41.7,32.0,37.0
48.17,82.1,42.5,32.0,36.0
48.16,81.08,45.0,32.0,36.0
48.17,80.2,45.5,32.0,37.0
48.17,80.51,44.9,32.0,37.0
48.16,81.79,45.3,32.0,37.0
48.17,83.6,45.0,32.0,37.0
48.16,86.55,46.0,32.0,37.0
48.17,86.68,44.8,32.0,37.0
48.17,85.53,45.2,32.0,36.0
48.17,82.49,41.6,32.0,36.0
48.16,82.05,43.2,32.0,36.0
48.17,80.82,45.1,32.0,36.0
48.17,80.07,44.4,32.0,37.0
48.17,80.95,45.5,32.0,37.0
48.16,82.85,43.6,32.0,37.0
48.16,86.2,46.1,32.0,37.0
48.16,85.49,44.2,32.0,37.0
48.16,83.07,43.5,32.0,37.0
48.16,82.1,41.0,32.0,37.0
48.16,82.19,40.0,32.0,37.0
48.16,81.74,43.0,32.0,37.0
48.16,79.94,44.9,32.0,36.0
48.16,81.57,45.3,32.0,36.0
48.16,86.24,45.3,32.0,37.0
48.15,84.57,44.9,32.0,36.0
48.16,82.1,41.6,32.0,37.0
48.16,81.88,38.4,32.0,36.0
48.17,81.0,44.4,32.0,36.0
48.16,80.82,44.9,32.0,36.0
48.16,83.82,45.2,32.0,37.0
48.16,86.86,46.2,32.0,36.0
48.16,83.82,44.1,32.0,36.0
48.16,81.79,42.1,32.0,37.0
48.17,82.14,42.0,32.0,37.0
48.17,80.51,44.8,32.0,37.0
48.18,81.83,45.1,32.0,36.0
48.18,85.18,44.9,32.0,36.0
48.16,85.53,44.8,32.0,37.0
48.17,82.1,42.0,32.0,37.0
48.18,82.05,39.1,32.0,37.0
48.17,81.97,43.3,32.0,37.0
48.17,80.91,44.9,32.0,36.0
48.16,81.08,45.1,32.0,36.0
48.16,84.04,44.3,32.0,37.0
48.17,86.68,46.4,32.0,36.0
48.17,83.99,44.8,32.0,36.0
48.17,81.61,42.4,32.0,37.0
48.16,82.36,43.4,32.0,37.0
48.16,80.47,44.8,32.0,37.0
48.16,84.65,44.2,32.0,37.0
48.17,85.58,44.7,32.0,37.0
48.16,82.63,43.3,32.0,37.0
48.16,82.76,42.1,32.0,37.0
48.16,80.64,44.8,32.0,37.0
48.17,81.52,45.4,32.0,37.0
48.16,85.67,44.8,32.0,37.0
48.17,84.92,44.3,32.0,37.0
48.17,82.14,42.5,32.0,36.0
48.17,82.49,41.2,32.0,36.0
48.16,80.33,45.0,32.0,37.0
48.16,81.35,45.6,32.0,37.0
48.17,86.46,44.2,32.0,36.0
48.17,84.52,45.5,32.0,36.0
48.17,81.97,39.3,32.0,37.0
48.17,80.95,44.2,32.0,37.0
48.16,81.08,45.9,32.0,37.0
48.16,86.81,46.6,32.0,37.0
48.17,81.88,41.8,32.0,37.0
48.16,81.92,42.6,32.0,37.0
48.16,81.13,45.1,32.0,37.0
48.17,85.53,45.1,32.0,37.0
48.17,81.97,40.3,32.0,37.0
48.16,80.33,44.4,32.0,37.0
48.17,84.79,43.7,32.0,37.0
48.17,83.68,45.0,32.0,37.0
48.17,82.41,42.4,32.0,37.0
48.17,80.78,46.0,32.0,37.0
48.17,86.99,44.7,32.0,37.0
48.16,82.41,42.7,32.0,37.0
48.17,82.8,44.1,32.0,37.0
48.17,80.78,45.7,32.0,37.0
48.17,86.28,46.3,32.0,37.0
48.17,82.49,42.9,32.0,37.0
48.17,81.61,43.6,32.0,37.0
48.16,80.86,45.4,32.0,37.0
48.17,85.53,43.5,32.0,37.0
48.17,81.66,39.4,32.0,37.0
48.16,81.08,44.7,32.0,37.0
48.17,83.11,45.4,32.0,37.0
48.17,83.86,44.4,32.0,37.0
48.17,81.92,43.0,32.0,37.0
48.16,80.82,45.8,32.0,37.0
48.16,85.8,45.7,32.0,37.0
48.17,81.35,39.4,32.0,37.0
48.16,80.6,45.4,32.0,37.0
48.16,85.8,45.5,32.0,37.0
48.16,82.93,43.1,32.0,37.0
48.17,80.82,44.1,32.0,37.0
48.17,84.39,44.6,32.0,37.0
48.16,82.54,43.6,32.0,37.0
48.17,81.79,43.4,32.0,37.0
48.16,84.39,43.9,32.0,37.0
48.17,82.27,41.9,32.0,37.0
48.17,80.47,45.5,32.0,37.0
48.16,86.46,45.4,32.0,37.0
48.16,82.23,39.4,32.0,37.0
48.16,82.05,45.6,32.0,37.0
48.17,83.42,43.6,32.0,37.0
48.16,80.42,44.6,32.0,37.0
48.17,86.42,45.6,32.0,37.0
48.16,82.41,41.2,32.0,37.0
48.17,82.05,45.9,32.0,37.0
48.17,82.98,42.2,32.0,37.0
48.16,80.78,45.6,32.0,37.0
48.16,84.43,44.6,32.0,37.0
48.17,80.6,43.9,32.0,37.0
48.16,85.67,45.2,32.0,37.0
48.17,81.35,43.8,32.0,37.0
48.16,85.67,44.7,32.0,37.0
48.17,80.95,45.0,32.0,37.0
48.16,86.11,44.7,32.0,37.0
48.16,81.0,43.8,32.0,37.0
48.16,85.4,45.0,32.0,37.0
48.17,81.22,44.3,32.0,37.0
48.17,85.84,45.4,32.0,37.0
48.17,81.0,43.8,32.0,37.0
48.16,85.23,44.5,32.0,37.0
48.16,81.48,43.4,32.0,37.0
48.16,85.93,45.8,32.0,37.0
48.17,80.95,44.0,32.0,37.0
48.16,86.59,46.2,32.0,37.0
48.16,81.83,44.4,32.0,37.0
48.16,86.77,46.9,32.0,37.0
48.16,82.19,41.9,32.0,37.0
48.16,85.31,45.3,32.0,37.0
48.16,81.74,37.7,32.0,37.0
48.16,83.38,43.9,32.0,37.0
48.16,81.74,39.9,32.0,37.0
48.17,82.8,45.4,32.0,37.0
48.17,82.45,41.3,32.0,37.0
48.17,80.95,45.7,32.0,37.0
48.16,83.16,44.0,32.0,37.0
48.16,80.33,44.7,32.0,37.0
48.16,85.62,44.4,32.0,37.0
48.17,80.78,44.6,32.0,37.0
48.16,86.11,45.6,32.0,37.0
48.16,82.01,43.0,32.0,37.0
48.16,86.72,46.2,32.0,37.0
48.16,81.66,40.4,32.0,37.0
48.16,83.02,45.1,32.0,37.0
48.16,81.83,40.8,32.0,37.0
48.16,81.35,45.4,32.0,37.0
48.16,82.32,42.6,32.0,37.0
48.16,80.78,46.0,32.0,37.0
48.16,81.79,41.9,32.0,37.0
48.16,80.91,45.1,32.0,37.0
48.16,82.54,42.9,32.0,37.0
48.17,81.17,46.0,32.0,37.0
48.17,82.8,42.9,32.0,37.0
48.17,80.51,45.3,32.0,37.0
48.16,82.1,42.1,32.0,37.0
48.17,81.66,46.3,32.0,37.0
48.17,82.41,40.3,32.0,37.0
48.17,83.6,45.1,32.0,37.0
48.17,80.95,44.8,32.0,37.0
48.16,82.67,42.7,32.0,37.0
48.16,83.73,45.0,32.0,37.0
48.17,81.17,46.0,32.0,37.0
48.17,81.48,37.9,32.0,37.0
48.17,83.24,43.2,32.0,37.0
48.16,84.74,44.3,32.0,37.0
48.17,82.89,43.4,32.0,37.0
48.16,85.31,45.0,32.0,37.0
48.16,80.73,45.0,32.0,37.0
48.17,81.88,41.5,32.0,37.0
48.17,83.46,44.8,32.0,37.0
48.16,82.19,42.6,32.0,37.0
48.16,85.09,44.0,32.0,37.0
48.16,79.67,44.5,32.0,37.0
48.16,81.97,41.1,32.0,37.0
48.17,86.11,44.9,32.0,37.0
48.16,80.91,43.8,32.0,37.0
48.17,82.14,43.4,32.0,37.0
48.15,84.43,44.3,32.0,37.0
48.16,80.6,44.7,32.0,37.0
48.17,83.73,44.4,32.0,37.0
48.16,81.88,45.1,32.0,37.0
48.17,82.76,42.4,32.0,37.0
48.16,85.62,44.4,32.0,37.0
48.17,81.17,46.4,32.0,37.0
48.16,82.36,41.6,32.0,37.0
48.17,84.74,45.1,32.0,37.0
48.16,81.74,45.5,32.0,37.0
48.16,81.3,43.2,32.0,37.0
48.17,83.07,43.6,32.0,37.0
48.17,84.61,44.7,32.0,37.0
48.16,81.13,44.5,32.0,37.0
48.17,81.7,41.8,32.0,37.0
48.16,86.55,45.5,32.0,37.0
48.16,80.82,46.1,32.0,37.0
48.17,83.02,43.2,32.0,37.0
48.17,82.63,42.6,32.0,37.0
48.16,85.89,44.3,32.0,37.0
48.16,80.47,44.9,32.0,37.0
48.16,82.27,42.1,32.0,37.0
48.16,82.76,43.0,32.0,37.0
48.16,86.28,45.5,32.0,37.0
48.17,80.6,45.8,32.0,37.0
48.17,82.14,42.0,32.0,37.0
48.17,82.89,43.8,32.0,37.0
48.16,86.37,45.0,32.0,37.0
48.16,80.25,46.3,32.0,37.0
48.17,82.45,42.4,32.0,37.0
48.16,82.01,41.3,32.0,37.0
48.16,87.08,46.2,32.0,37.0
48.16,82.8,46.5,32.0,37.0
48.16,81.17,45.0,32.0,37.0
48.16,82.67,38.8,32.0,37.0
48.17,84.21,43.9,32.0,37.0
48.17,87.17,46.0,32.0,37.0
48.16,82.41,45.0,32.0,37.0
48.16,80.6,45.2,32.0,37.0
48.16,83.24,43.5,32.0,37.0
48.16,82.93,42.6,32.0,37.0
48.17,86.06,45.4,32.0,37.0
48.17,87.56,46.2,32.0,37.0
48.16,82.93,46.3,32.0,37.0
48.16,81.61,45.3,32.0,37.0
48.17,82.93,41.7,32.0,37.0
48.16,83.73,43.6,32.0,37.0
48.17,86.68,45.8,32.0,37.0
48.17,85.76,45.1,32.0,37.0
48.16,80.51,45.6,32.0,37.0
48.17,82.76,44.5,32.0,37.0
48.17,82.98,41.1,32.0,37.0
48.16,85.14,45.1,32.0,37.0
48.17,87.03,46.5,32.0,37.0
48.16,83.38,45.9,32.0,37.0
48.16,80.56,46.4,32.0,37.0
48.16,82.1,44.3,32.0,37.0
48.17,83.29,41.5,32.0,37.0
48.16,83.29,42.8,32.0,37.0
48.16,85.36,45.2,32.0,37.0
48.17,87.47,47.3,32.0,37.0
48.16,86.33,44.9,32.0,37.0
48.16,81.74,46.2,32.0,37.0
48.17,81.35,45.1,32.0,37.0
48.17,82.71,42.8,32.0,37.0
48.17,83.6,42.7,32.0,37.0
48.17,84.52,45.2,32.0,37.0
48.17,87.52,47.0,32.0,37.0
48.16,84.34,44.9,32.0,37.0
48.17,82.36,46.1,32.0,37.0
48.17,81.17,46.1,32.0,37.0
48.16,81.92,45.1,32.0,37.0
48.17,83.51,43.9,32.0,37.0
48.17,83.95,40.1,32.0,37.0
48.17,83.73,43.4,32.0,37.0
48.17,85.8,45.9,32.0,37.0
48.16,86.81,46.7,32.0,37.0
48.17,86.06,45.2,32.0,37.0
48.16,81.52,45.4,32.0,37.0
48.16,81.57,45.9,32.0,37.0
48.16,83.55,43.7,32.0,37.0
48.15,83.07,40.5,32.0,37.0
48.16,83.68,43.2,32.0,37.0
48.16,86.33,45.5,32.0,37.0
48.16,88.0,47.0,32.0,37.0
48.15,85.84,44.5,32.0,37.0
48.16,83.11,46.3,32.0,37.0
48.15,81.44,46.2,32.0,37.0
48.16,81.57,45.7,32.0,37.0
48.16,82.1,44.4,32.0,37.0
48.17,82.8,39.9,32.0,37.0
48.17,83.68,42.9,32.0,37.0
48.17,85.53,46.0,32.0,37.0
48.17,86.24,45.1,32.0,37.0
48.17,86.81,44.2,32.0,37.0
48.17,82.8,46.7,32.0,37.0
48.17,81.7,45.8,32.0,37.0
48.17,82.76,43.8,32.0,37.0
48.17,83.42,40.0,32.0,37.0
48.16,83.55,42.8,32.0,37.0
48.17,84.87,45.0,32.0,37.0
48.16,85.84,44.8,32.0,37.0
48.17,87.08,46.3,32.0,37.0
48.17,87.96,46.0,32.0,37.0
48.17,84.74,45.4,32.0,37.0
48.16,83.11,46.0,32.0,37.0
48.17,83.6,45.6,32.0,37.0
48.17,87.78,47.7,32.0,37.0
48.16,85.27,45.9,32.0,37.0
48.16,84.43,44.8,32.0,37.0
48.16,85.8,45.4,32.0,37.0
48.16,86.81,45.4,32.0,37.0
48.16,87.21,46.1,32.0,37.0
48.17,87.17,46.6,32.0,37.0
48.16,84.83,45.3,32.0,37.0
48.16,82.14,46.0,32.0,37.0
48.17,81.61,46.9,32.0,37.0
48.17,81.13,46.2,32.0,37.0
48.17,81.52,45.5,32.0,37.0
48.16,81.7,45.3,32.0,37.0
48.17,82.98,44.8,32.0,37.0
48.17,83.55,42.7,32.0,37.0
48.16,83.24,40.0,32.0,37.0
48.16,82.8,42.4,32.0,37.0
48.17,84.12,44.1,32.0,37.0
48.17,85.76,45.3,32.0,37.0
48.17,86.9,45.4,32.0,37.0
48.16,87.78,46.8,32.0,37.0
48.17,87.78,47.0,32.0,37.0
48.17,86.94,45.6,32.0,37.0
48.17,86.86,45.3,32.0,37.0
48.16,85.09,44.5,32.0,37.0
48.17,84.48,44.4,32.0,37.0
48.17,84.92,44.7,32.0,37.0
48.16,84.57,44.4,32.0,37.0
48.17,85.09,44.9,32.0,37.0
48.17,85.09,44.4,32.0,37.0
48.17,86.02,44.8,32.0,37.0
48.17,86.94,45.8,32.0,37.0
48.17,88.09,46.8,32.0,37.0
48.17,87.61,47.3,32.0,37.0
48.17,87.08,45.7,32.0,37.0
48.16,86.72,45.3,32.0,37.0
48.17,87.74,46.5,32.0,37.0
48.16,88.09,46.5,32.0,37.0
48.17,87.39,46.4,32.0,37.0
48.17,87.87,47.2,32.0,37.0
48.17,87.61,46.5,32.0,37.0
48.16,86.46,45.2,32.0,37.0
48.16,87.21,45.7,32.0,37.0
48.17,86.86,45.5,32.0,37.0
48.17,85.01,46.0,32.0,37.0
48.16,83.64,46.5,32.0,37.0
48.17,84.08,45.3,32.0,37.0
48.16,84.48,45.4,32.0,37.0
48.16,84.43,45.2,32.0,37.0
48.16,85.49,45.1,32.0,37.0
48.16,87.69,46.1,32.0,37.0
48.17,87.47,47.0,32.0,37.0
48.17,87.91,47.2,32.0,37.0
48.16,86.28,45.4,32.0,37.0
48.17,85.36,45.9,32.0,37.0
48.16,84.43,44.0,32.0,37.0
48.16,83.24,40.7,32.0,37.0
48.16,83.29,39.8,32.0,37.0
48.17,83.6,42.6,32.0,37.0
48.17,83.46,44.8,32.0,37.0
48.17,81.88,45.0,32.0,37.0
48.17,81.48,46.0,32.0,37.0
48.17,81.79,46.2,32.0,37.0
48.16,83.2,45.7,32.0,37.0
48.16,85.67,44.8,32.0,37.0
48.16,87.47,46.4,32.0,37.0
48.17,87.17,46.5,32.0,37.0
48.16,85.36,45.7,32.0,37.0
48.17,85.05,44.6,32.0,37.0
48.17,83.51,43.0,32.0,37.0
48.17,83.42,40.2,32.0,37.0
48.17,83.51,41.0,32.0,37.0
48.16,83.38,44.2,32.0,37.0
48.16,82.01,44.7,32.0,37.0
48.16,81.61,45.3,32.0,37.0
48.17,82.45,47.0,32.0,37.0
48.17,82.98,46.4,32.0,37.0
48.17,84.08,45.4,32.0,37.0
48.17,87.43,46.8,32.0,37.0
48.16,87.87,47.1,32.0,37.0
48.16,86.46,45.3,32.0,37.0
48.16,86.02,45.8,32.0,37.0
48.17,83.73,44.1,32.0,37.0
48.17,83.51,40.7,32.0,37.0
48.16,83.55,40.6,32.0,37.0
48.16,82.71,44.1,32.0,37.0
48.16,81.39,46.0,32.0,37.0
48.16,82.01,46.7,32.0,37.0
48.17,87.56,47.1,32.0,37.0
48.17,83.68,43.4,32.0,37.0
48.17,83.6,41.5,32.0,37.0
48.16,82.14,44.3,32.0,37.0
48.16,81.26,46.6,32.0,37.0
48.16,83.16,46.2,32.0,37.0
48.17,87.17,45.9,32.0,37.0
48.17,86.68,45.9,32.0,37.0
48.16,84.17,43.4,32.0,37.0
48.17,83.46,39.9,32.0,37.0
48.17,82.14,44.0,32.0,37.0
48.17,82.14,45.8,32.0,37.0
48.16,83.68,46.5,32.0,37.0
48.17,87.83,46.6,32.0,37.0
48.17,85.58,45.5,32.0,37.0
48.16,83.38,42.4,32.0,37.0
48.17,83.64,44.6,32.0,37.0
48.17,81.48,46.3,32.0,37.0
48.17,84.17,46.0,32.0,37.0
48.17,87.56,47.1,32.0,37.0
48.16,83.6,43.1,32.0,37.0
48.17,83.99,42.4,32.0,37.0
48.17,81.39,45.9,32.0,37.0
48.16,87.12,46.5,32.0,37.0
48.17,84.74,44.8,32.0,37.0
48.17,83.55,42.4,32.0,37.0
48.16,81.52,45.2,32.0,37.0
48.17,87.69,46.2,32.0,37.0
48.17,85.45,45.0,32.0,37.0
48.17,83.73,41.3,32.0,37.0
48.16,81.7,45.5,32.0,37.0
48.17,83.95,47.2,32.0,37.0
48.17,87.12,45.8,32.0,37.0
48.16,82.89,42.6,32.0,37.0
48.16,82.01,44.7,32.0,37.0
48.17,83.46,46.7,32.0,37.0
48.17,87.25,46.6,32.0,37.0
48.17,83.51,41.1,32.0,37.0
48.16,82.63,45.1,32.0,37.0
48.17,82.89,46.4,32.0,37.0
48.17,87.91,46.8,32.0,37.0
48.17,83.9,43.5,32.0,37.0
48.16,83.73,41.3,32.0,37.0
48.17,82.05,45.8,32.0,37.0
48.16,82.67,45.7,32.0,37.0
48.16,87.56,47.0,32.0,37.0
48.16,85.62,45.8,32.0,37.0
48.17,82.85,39.6,32.0,37.0
48.16,82.41,44.6,32.0,37.0
48.17,82.05,46.3,32.0,37.0
48.16,85.58,45.3,32.0,37.0
48.17,87.21,46.5,32.0,37.0
48.17,83.46,42.0,32.0,37.0
48.16,81.97,44.6,32.0,37.0
48.17,82.54,44.5,32.0,37.0
48.16,84.48,44.5,32.0,37.0
48.17,85.14,45.3,32.0,37.0
48.16,83.16,39.5,32.0,37.0
48.17,82.23,45.1,32.0,37.0
48.16,81.83,45.6,32.0,37.0
48.16,86.9,45.4,32.0,37.0
48.16,86.33,45.1,32.0,37.0
48.16,83.82,42.3,32.0,37.0
48.17,83.16,43.1,32.0,37.0
48.16,81.35,46.3,32.0,37.0
48.17,84.39,45.5,32.0,37.0
48.17,86.81,46.2,32.0,37.0
48.17,83.77,42.8,32.0,37.0
48.16,83.82,41.7,32.0,37.0
48.17,81.74,46.1,32.0,37.0
48.16,83.42,46.8,32.0,37.0
48.17,87.65,46.9,32.0,37.0
48.17,84.96,44.8,32.0,37.0
48.17,83.24,40.1,32.0,37.0
48.17,83.07,44.4,32.0,37.0
48.16,81.83,45.8,32.0,37.0
48.16,86.37,44.7,32.0,37.0
48.17,86.28,45.6,32.0,37.0
48.17,83.11,39.7,32.0,37.0
48.17,81.61,45.5,32.0,37.0
48.16,84.21,45.7,32.0,37.0
48.16,86.99,45.8,32.0,37.0
48.17,83.42,41.9,32.0,37.0
48.16,82.27,45.4,32.0,37.0
48.17,84.08,45.1,32.0,37.0
48.16,86.2,45.7,32.0,37.0
48.17,83.29,40.8,32.0,37.0
48.16,82.36,46.0,32.0,37.0
48.16,84.7,44.7,32.0,37.0
48.16,85.62,46.0,32.0,37.0
48.16,83.86,40.7,32.0,37.0
48.18,81.74,46.1,32.0,37.0
48.17,84.87,45.1,32.0,37.0
48.17,86.02,46.1,32.0,37.0
48.17,83.46,42.3,32.0,37.0
48.16,82.98,43.9,32.0,37.0
48.16,82.41,46.7,32.0,37.0
48.17,86.5,44.8,32.0,37.0
48.17,86.5,45.6,32.0,37.0
48.17,83.33,43.5,32.0,37.0
48.17,82.49,45.0,32.0,37.0
48.16,82.63,46.1,32.0,37.0
48.16,87.78,47.8,32.0,37.0
48.16,84.34,44.2,32.0,37.0
48.17,83.16,41.3,32.0,37.0
48.16,82.01,46.0,32.0,37.0
48.16,83.95,46.0,32.0,37.0
48.16,85.8,45.4,32.0,37.0
48.16,83.55,41.2,32.0,37.0
48.17,81.61,46.0,32.0,37.0
48.16,87.52,46.5,32.0,37.0
48.16,83.68,42.4,32.0,37.0
48.16,83.24,44.6,32.0,37.0
48.16,82.49,46.4,32.0,37.0
48.17,88.13,46.9,32.0,37.0
48.16,83.64,43.2,32.0,37.0
48.17,83.73,44.1,32.0,37.0
48.17,82.19,46.6,32.0,37.0
48.17,87.56,45.5,32.0,37.0
48.17,85.89,46.4,32.0,37.0
48.17,83.24,41.2,32.0,37.0
48.17,82.67,45.1,32.0,37.0
48.17,82.05,46.4,32.0,37.0
48.17,86.68,45.6,32.0,37.0
48.16,86.33,45.4,32.0,37.0
48.17,82.89,40.9,32.0,37.0
48.17,82.05,45.4,32.0,37.0
48.16,82.58,46.3,32.0,37.0
48.17,87.74,47.2,32.0,37.0
48.16,83.82,42.8,32.0,37.0
48.17,83.6,42.7,32.0,37.0
48.16,81.79,46.5,32.0,37.0
48.17,84.12,45.2,32.0,37.0
48.17,87.21,45.7,32.0,37.0
48.17,83.73,44.3,32.0,37.0
48.17,83.02,38.8,32.0,37.0
48.16,82.45,45.5,32.0,37.0
48.17,84.52,45.6,32.0,37.0
48.17,86.9,45.8,32.0,37.0
48.16,82.54,41.8,32.0,37.0
48.17,82.36,45.4,32.0,37.0
48.17,82.32,46.4,32.0,37.0
48.16,87.56,47.8,32.0,37.0
48.17,83.55,43.6,32.0,37.0
48.17,82.71,44.4,32.0,37.0
48.17,83.42,46.1,32.0,37.0
48.17,86.37,46.0,32.0,37.0
48.16,82.89,39.3,32.0,37.0
48.17,81.92,46.3,32.0,37.0
48.18,87.3,46.5,32.0,37.0
48.17,83.68,43.4,32.0,37.0
48.17,82.45,44.8,32.0,37.0
48.17,85.76,45.6,32.0,37.0
48.17,84.48,44.7,32.0,37.0
48.17,82.89,45.7,32.0,37.0
48.17,87.91,46.9,32.0,37.0
48.17,83.55,40.7,32.0,37.0
48.17,82.19,46.8,32.0,37.0
48.16,85.84,45.7,32.0,37.0
48.17,82.8,44.6,32.0,37.0
48.17,87.12,45.5,32.0,37.0
48.16,83.99,41.9,32.0,37.0
48.17,81.52,46.4,32.0,37.0
48.17,87.3,45.1,32.0,37.0
48.16,83.86,43.6,32.0,37.0
48.17,84.96,45.3,32.0,37.0
48.16,83.38,41.8,32.0,37.0
48.16,82.27,46.3,32.0,37.0
48.17,83.95,43.2,32.0,37.0
48.16,81.61,46.0,32.0,37.0
48.16,84.52,45.0,32.0,37.0
48.17,81.74,45.3,32.0,37.0
48.16,87.25,46.3,32.0,37.0
48.17,82.76,45.6,32.0,37.0
48.17,87.83,48.1,32.0,37.0
48.16,83.29,43.4,32.0,37.0
48.16,86.86,46.1,32.0,37.0
48.17,83.6,39.6,32.0,37.0
48.17,84.43,45.0,32.0,37.0
48.17,83.46,41.9,32.0,37.0
48.17,83.6,45.8,32.0,37.0
48.17,83.64,42.9,32.0,37.0
48.16,82.67,46.3,32.0,37.0
48.17,84.12,43.8,32.0,37.0
48.16,81.7,46.2,32.0,37.0
48.16,83.68,43.5,32.0,37.0
48.16,81.48,46.3,32.0,37.0
48.16,84.83,45.0,32.0,37.0
48.16,81.22,46.3,32.0,37.0
48.16,86.81,46.3,32.0,37.0
48.16,82.27,45.1,32.0,37.0
48.16,87.96,47.1,32.0,37.0
48.16,83.64,41.2,32.0,37.0
48.16,85.58,44.9,32.0,37.0
48.17,83.46,40.4,32.0,37.0
48.16,81.48,46.1,32.0,37.0
48.16,86.02,45.4,32.0,37.0
48.17,82.1,44.6,32.0,37.0
48.16,87.47,46.1,32.0,37.0
48.16,83.24,42.1,32.0,37.0
48.17,81.92,46.7,32.0,37.0
48.16,88.31,46.8,32.0,37.0
48.16,83.33,40.2,32.0,37.0
48.17,81.88,45.8,32.0,37.0
48.16,87.87,46.6,32.0,37.0
48.17,83.86,40.4,32.0,37.0
48.16,81.61,46.8,32.0,37.0
48.16,87.08,45.5,32.0,37.0
48.16,83.29,42.2,32.0,37.0
48.16,83.11,46.3,32.0,37.0
48.16,85.89,45.7,32.0,37.0
48.16,82.98,44.1,32.0,37.0
48.16,83.6,46.0,32.0,37.0
48.16,84.96,45.3,32.0,37.0
48.16,82.27,45.0,32.0,37.0
48.16,86.77,45.3,32.0,37.0
48.16,83.33,42.6,32.0,37.0
48.16,81.61,46.0,32.0,37.0
48.16,87.12,46.2,32.0,37.0
48.16,84.17,42.3,32.0,37.0
48.17,82.98,45.7,32.0,37.0
48.17,84.83,44.7,32.0,37.0
48.16,82.8,44.3,32.0,37.0
48.16,86.99,45.1,32.0,37.0
48.17,84.04,42.6,32.0,37.0
48.17,81.88,45.7,32.0,37.0
48.17,86.59,44.2,32.0,37.0
48.16,83.55,42.7,32.0,37.0
48.17,82.63,45.6,32.0,37.0
48.17,85.98,46.2,32.0,37.0
48.17,84.57,44.9,32.0,37.0
48.17,83.02,44.4,32.0,37.0
48.16,83.11,45.5,32.0,37.0
48.16,85.58,45.4,32.0,37.0
48.17,83.55,40.7,32.0,37.0
48.16,81.7,46.5,32.0,37.0
48.17,86.33,45.9,32.0,37.0
48.16,83.82,41.1,32.0,37.0
48.17,82.41,46.6,32.0,37.0
48.16,87.25,45.9,32.0,37.0
48.17,83.2,39.0,32.0,37.0
48.17,81.7,45.7,32.0,37.0
48.17,88.09,47.6,32.0,37.0
48.17,83.16,41.8,32.0,37.0
48.17,81.83,45.7,32.0,37.0
48.17,87.78,45.3,32.0,37.0
48.17,83.73,43.8,32.0,37.0
48.16,82.01,45.4,32.0,37.0
48.16,86.2,45.0,32.0,37.0
48.17,84.39,44.6,32.0,37.0
48.16,82.71,44.9,32.0,37.0
48.17,83.46,43.4,32.0,37.0
48.17,85.8,45.8,32.0,37.0
48.17,83.6,43.3,32.0,37.0
48.16,82.45,46.6,32.0,37.0
48.16,87.83,47.3,32.0,37.0
48.17,83.29,42.4,32.0,37.0
48.16,82.58,43.8,32.0,37.0
48.16,81.97,45.9,32.0,37.0
48.16,87.96,45.2,32.0,37.0
48.16,84.52,44.7,32.0,37.0
48.16,83.9,40.6,32.0,37.0
48.17,81.57,45.9,32.0,37.0
48.17,84.74,44.9,32.0,37.0
48.17,85.89,45.7,32.0,37.0
48.16,83.73,41.0,32.0,37.0
48.17,82.05,46.0,32.0,37.0
48.17,85.84,45.0,32.0,37.0
48.17,84.83,45.1,32.0,37.0
48.16,83.24,42.0,32.0,37.0
48.17,81.74,45.9,32.0,37.0
48.17,86.99,45.6,32.0,37.0
48.17,84.26,45.3,32.0,37.0
48.17,83.42,39.8,32.0,37.0
48.16,81.61,45.3,32.0,37.0
48.16,85.36,44.8,32.0,37.0
48.17,86.11,46.2,32.0,37.0
48.17,83.2,39.6,32.0,37.0
48.16,81.7,45.6,32.0,37.0
48.16,85.67,44.8,32.0,37.0
48.17,84.79,45.5,32.0,37.0
48.17,83.11,40.0,32.0,37.0
48.17,82.23,45.6,32.0,37.0
48.16,83.82,45.5,32.0,37.0
48.16,86.55,45.3,32.0,37.0
48.16,83.46,41.7,32.0,37.0
48.16,82.98,45.1,32.0,37.0
48.16,82.67,46.4,32.0,37.0
48.16,87.17,46.4,32.0,37.0
48.16,83.02,41.2,32.0,37.0
48.16,83.11,44.6,32.0,37.0
48.16,82.63,46.4,32.0,37.0
48.17,87.39,47.3,32.0,37.0
48.17,83.2,42.8,32.0,37.0
48.17,82.36,45.1,32.0,37.0
48.17,83.64,46.3,32.0,37.0
48.17,86.02,45.7,32.0,37.0
48.17,83.6,44.6,32.0,37.0
48.16,83.02,46.8,32.0,37.0
48.16,86.55,45.3,32.0,37.0
48.17,83.07,39.7,32.0,37.0
48.17,82.36,45.6,32.0,37.0
48.16,84.3,45.4,32.0,37.0
48.16,86.72,45.7,32.0,37.0
48.17,83.11,41.1,32.0,37.0
48.17,82.19,46.4,32.0,37.0
48.17,87.12,45.5,32.0,37.0
48.16,83.77,44.0,32.0,37.0
48.17,82.93,44.8,32.0,37.0
48.17,83.42,46.4,32.0,37.0
48.16,85.84,46.2,32.0,37.0
48.16,83.55,40.5,32.0,37.0
48.16,82.41,46.2,32.0,37.0
48.17,86.64,45.8,32.0,37.0
48.16,84.12,41.9,32.0,37.0
48.17,82.14,45.9,32.0,37.0
48.17,86.28,46.0,32.0,37.0
48.16,83.46,40.3,32.0,37.0
48.17,81.83,46.5,32.0,37.0
48.16,87.12,45.9,32.0,37.0
48.16,82.89,40.0,32.0,37.0
48.16,81.0,45.8,32.0,37.0
48.16,87.96,46.6,32.0,37.0
48.16,83.55,41.3,32.0,37.0
48.16,82.1,45.7,32.0,37.0
48.16,86.55,46.1,32.0,37.0
48.16,83.82,42.5,32.0,37.0
48.16,85.31,45.1,32.0,37.0
48.17,84.65,43.8,32.0,37.0
48.16,81.79,45.1,32.0,37.0
48.17,86.77,45.9,32.0,37.0
48.17,84.43,43.3,32.0,37.0
48.17,81.97,45.5,32.0,37.0
48.17,86.9,45.0,32.0,37.0
48.17,83.64,42.4,32.0,37.0
48.16,81.61,46.5,32.0,37.0
48.16,87.74,46.3,32.0,37.0
48.17,83.6,40.8,32.0,37.0
48.17,82.41,46.1,32.0,37.0
48.16,85.76,45.7,32.0,37.0
48.17,83.82,43.4,32.0,37.0
48.17,83.95,45.9,32.0,37.0
48.17,84.08,44.3,32.0,37.0
48.16,82.32,45.7,32.0,37.0
48.17,83.68,43.9,32.0,37.0
48.17,82.01,45.3,32.0,37.0
48.16,88.05,46.7,32.0,37.0
48.16,83.16,42.8,32.0,37.0
48.17,81.7,46.1,32.0,37.0
48.17,87.61,46.9,32.0,37.0
48.17,82.76,39.7,32.0,37.0
48.17,81.97,46.7,32.0,37.0
48.16,86.46,45.5,32.0,37.0
48.17,83.82,43.1,32.0,37.0
48.16,82.76,46.8,32.0,37.0
48.17,84.34,44.4,32.0,37.0
48.17,81.97,45.7,32.0,37.0
48.16,87.83,47.3,32.0,37.0
48.16,83.29,39.7,32.0,37.0
48.17,83.24,47.1,32.0,37.0
48.17,84.39,44.0,32.0,37.0
48.16,81.92,45.0,32.0,37.0
48.16,86.77,45.6,32.0,37.0
48.17,83.82,41.9,32.0,37.0
48.17,87.39,46.3,32.0,37.0
48.17,81.61,45.8,32.0,37.0
48.17,86.55,45.7,32.0,37.0
48.16,81.52,45.2,32.0,37.0
48.17,82.58,45.4,32.0,37.0
48.16,85.8,46.0,32.0,37.0
48.17,82.05,46.2,32.0,37.0
48.16,87.03,45.6,32.0,37.0
48.16,83.33,41.5,32.0,37.0
48.17,81.88,45.2,32.0,37.0
48.17,87.74,45.8,32.0,37.0
48.17,83.64,43.2,32.0,37.0
48.18,81.79,46.1,32.0,37.0
48.17,88.05,46.9,32.0,37.0
48.16,83.38,39.8,32.0,37.0
48.17,81.61,46.0,32.0,37.0
48.17,87.74,47.0,32.0,37.0
48.17,82.76,40.1,32.0,37.0
48.17,81.88,46.1,32.0,37.0
48.16,86.64,46.2,32.0,37.0
48.18,84.17,43.8,32.0,37.0
48.17,83.95,46.0,32.0,37.0
48.17,85.23,45.9,32.0,37.0
48.17,83.16,45.3,32.0,37.0
48.17,85.76,45.0,32.0,37.0
48.17,83.82,42.3,32.0,37.0
48.17,81.74,45.5,32.0,37.0
48.16,87.56,46.5,32.0,37.0
48.16,83.33,41.5,32.0,37.0
48.16,82.1,47.0,32.0,37.0
48.17,86.15,46.4,32.0,37.0
48.16,81.7,45.2,32.0,37.0
48.17,86.46,45.0,32.0,37.0
48.17,83.46,41.2,32.0,37.0
48.16,81.88,46.3,32.0,37.0
48.16,86.77,46.6,32.0,37.0
48.17,83.73,41.7,32.0,37.0
48.17,84.04,46.6,32.0,37.0
48.16,84.87,44.7,32.0,37.0
48.16,82.01,45.3,32.0,37.0
48.16,87.83,46.7,32.0,37.0
48.16,83.16,40.9,32.0,37.0
48.16,82.85,46.2,32.0,37.0
48.17,84.17,44.3,32.0,37.0
48.17,81.57,46.8,32.0,37.0
48.17,87.3,46.1,32.0,37.0
48.16,82.58,44.4,32.0,37.0
48.16,87.69,47.2,32.0,37.0
48.17,83.6,41.8,32.0,37.0
48.16,85.27,45.3,32.0,37.0
48.16,82.85,44.2,32.0,37.0
48.16,88.05,46.6,32.0,37.0
48.16,83.16,39.6,32.0,37.0
48.17,83.46,46.2,32.0,37.0
48.17,83.73,43.6,32.0,37.0
48.17,81.97,46.7,32.0,37.0
48.16,86.37,46.0,32.0,37.0
48.15,82.19,44.9,32.0,37.0
48.16,88.13,47.8,32.0,37.0
48.16,83.6,41.7,32.0,37.0
48.16,83.73,45.7,32.0,37.0
48.17,84.12,42.7,32.0,37.0
48.16,81.92,46.6,32.0,37.0
48.16,85.49,45.6,32.0,37.0
48.16,82.01,45.3,32.0,37.0
48.17,86.5,46.2,32.0,37.0
48.17,82.85,45.1,32.0,37.0
48.17,87.74,46.5,32.0,37.0
48.16,83.42,41.3,32.0,37.0
48.17,84.39,46.3,32.0,37.0
48.17,84.21,43.0,32.0,37.0
48.17,81.39,46.4,32.0,37.0
48.17,86.9,46.7,32.0,37.0
48.18,82.19,44.4,32.0,37.0
48.17,88.0,47.5,32.0,37.0
48.16,83.55,39.3,32.0,37.0
48.17,85.53,44.7,32.0,37.0
48.17,84.17,41.3,32.0,37.0
48.16,85.67,45.7,32.0,37.0
48.16,83.29,40.6,32.0,37.0
48.16,82.85,45.4,32.0,37.0
48.17,83.64,42.3,32.0,37.0
48.16,81.66,47.0,32.0,37.0
48.17,85.76,46.5,32.0,37.0
48.17,82.01,45.1,32.0,37.0
48.17,87.87,46.8,32.0,37.0
48.16,84.12,41.3,32.0,37.0
48.17,83.82,45.9,32.0,37.0
48.16,84.34,42.9,32.0,37.0
48.16,81.39,45.4,32.0,37.0
48.16,87.12,46.9,32.0,37.0
48.16,83.77,44.3,32.0,37.0
48.16,86.06,44.1,32.0,37.0
48.16,83.29,41.9,32.0,37.0
48.16,81.08,46.2,32.0,37.0
48.17,87.3,45.8,32.0,37.0
48.17,83.73,42.2,32.0,37.0
48.17,83.11,46.7,32.0,37.0
48.17,82.05,45.9,32.0,37.0
48.17,84.21,43.5,32.0,37.0
48.16,83.46,42.1,32.0,37.0
48.16,83.82,43.4,32.0,37.0
48.17,82.89,45.7,32.0,37.0
48.17,87.91,47.7,32.0,37.0
48.17,83.68,40.7,32.0,37.0
48.17,81.66,46.2,32.0,37.0
48.16,88.0,47.4,32.0,37.0
48.17,83.2,41.9,32.0,37.0
48.16,81.83,46.2,32.0,37.0
48.16,83.29,42.5,32.0,37.0
48.16,81.61,45.9,32.0,37.0
48.16,87.87,46.6,32.0,37.0
48.16,83.29,40.4,32.0,37.0
48.17,81.83,46.4,32.0,37.0
48.17,87.83,47.6,32.0,37.0
48.17,83.51,40.7,32.0,37.0
48.17,81.66,46.4,32.0,37.0
48.17,86.06,46.2,32.0,37.0
48.17,82.41,45.3,32.0,37.0
48.18,88.27,47.3,32.0,37.0
48.16,83.38,39.8,32.0,37.0
48.16,83.24,47.3,32.0,37.0
48.16,84.26,44.2,32.0,37.0
48.17,81.44,46.0,32.0,37.0
48.16,87.34,46.0,32.0,37.0
48.16,83.07,44.3,32.0,37.0
48.16,85.45,44.9,32.0,37.0
48.16,83.51,42.4,32.0,37.0
48.16,81.88,46.4,32.0,37.0
48.17,83.95,42.0,32.0,37.0
48.17,85.84,45.2,32.0,37.0
48.16,83.6,43.0,32.0,37.0
48.17,82.32,46.6,32.0,37.0
48.17,85.14,45.8,32.0,37.0
48.17,82.32,45.3,32.0,37.0
48.17,87.69,46.4,32.0,37.0
48.16,83.6,39.2,32.0,37.0
48.17,82.14,46.4,32.0,37.0
48.16,85.58,45.5,32.0,37.0
48.16,82.36,44.8,32.0,37.0
48.16,86.55,45.3,32.0,37.0
48.17,83.6,43.2,32.0,37.0
48.17,81.66,46.0,32.0,37.0
48.15,88.13,46.5,32.0,37.0
48.17,82.36,39.3,32.0,37.0
48.16,82.41,46.1,32.0,37.0
48.16,85.62,45.7,32.0,37.0
48.17,82.89,45.5,32.0,37.0
48.17,87.03,45.9,32.0,37.0
48.17,83.55,42.0,32.0,37.0
48.17,81.61,46.1,32.0,37.0
48.17,86.15,45.7,32.0,37.0
48.17,82.49,45.6,32.0,37.0
48.16,87.83,47.5,32.0,37.0
48.17,83.95,43.6,32.0,37.0
48.16,86.55,45.3,32.0,37.0
48.16,83.29,39.2,32.0,37.0
48.16,83.99,45.3,32.0,37.0
48.16,83.55,41.9,32.0,37.0
48.17,82.14,46.3,32.0,37.0
48.16,83.73,43.3,32.0,37.0
48.16,81.35,45.5,32.0,37.0
48.17,86.42,47.1,32.0,37.0
48.16,81.61,45.4,32.0,37.0
48.16,86.5,45.8,32.0,37.0
48.16,81.22,45.5,32.0,37.0
48.16,85.05,44.0,32.0,37.0
48.16,81.66,46.0,32.0,37.0
48.16,85.4,45.5,32.0,37.0
48.16,81.83,46.5,32.0,37.0
48.16,83.46,41.3,32.0,37.0
48.16,86.68,45.5,32.0,37.0
48.16,81.66,45.8,32.0,37.0
48.16,85.01,45.0,32.0,37.0
48.17,87.21,47.3,32.0,37.0
48.17,81.61,45.9,32.0,37.0
48.17,83.2,44.4,32.0,37.0
48.17,86.15,46.5,32.0,37.0
48.17,81.97,45.7,32.0,37.0
48.17,86.94,45.6,32.0,37.0
48.16,82.67,45.2,32.0,37.0
48.16,87.69,47.6,32.0,37.0
48.17,83.29,44.3,32.0,37.0
48.17,86.86,45.1,32.0,37.0
48.17,83.38,40.2,32.0,37.0
48.17,84.61,45.2,32.0,37.0
48.16,83.64,41.6,32.0,37.0
48.16,82.58,47.3,32.0,37.0
48.17,84.26,43.8,32.0,37.0
48.17,81.83,46.3,32.0,37.0
48.16,85.98,45.3,32.0,37.0
48.17,82.27,45.9,32.0,37.0
48.17,85.09,44.5,32.0,37.0
48.16,86.99,45.8,32.0,37.0
48.17,81.44,46.3,32.0,37.0
48.17,83.9,42.9,32.0,37.0
48.160126,84.488106,44.167164,31.999718,37.0
48.16015,83.60153,46.626175,31.999708,37.0
48.16993,87.63877,47.10192,32.0002,37.0
48.160107,83.39459,41.659874,31.99979,37.0
48.160122,85.23051,44.82401,31.999651,37.0
48.160114,81.96949,45.258003,31.99991,37.0
48.170097,83.10769,41.876564,32.000053,37.0
48.160084,83.37338,42.70129,31.999798,37.0
48.16012,83.3244,46.662334,31.999752,37.0
48.160114,83.14171,39.46945,31.99975,37.0
48.16014,85.695274,45.20916,31.999609,37.0
48.16004,85.452965,44.93581,31.999855,37.0
48.169987,83.7941,43.09966,31.999937,37.0
48.160122,82.263695,45.111893,31.99989,37.0
48.160103,86.55767,45.728687,31.999619,37.0
48.16007,83.319534,44.974808,31.99979,37.0
48.169975,82.232635,46.103035,32.000168,37.0
48.16989,83.509026,46.214577,32.000076,37.0
48.165726,82.07663,42.014267,31.999985,37.0
48.160027,83.013695,45.98755,31.99992,37.0
48.169952,81.5778,43.749187,31.999956,37.0
48.16012,81.54903,44.358063,31.999943,37.0
48.16018,81.35799,45.29257,31.999884,37.0
48.170033,83.30763,42.23098,31.999973,37.0
48.16987,85.65404,44.980766,31.999949,37.0
48.160168,88.188545,47.56751,31.999302,37.0
48.160053,83.298325,41.67515,31.999727,37.0
48.160084,83.45907,40.884064,31.999743,37.0
48.17005,82.556244,45.071774,32.0001,37.0
48.16996,84.11961,43.24417,31.99993,37.0
48.17,83.1708,40.41501,31.999996,37.0
48.169975,83.19416,46.305347,32.000095,37.0
48.16015,87.11314,46.309395,31.999504,37.0
48.16992,83.656235,46.63436,32.000095,37.0
48.16012,81.38363,44.60865,31.999933,37.0
48.160088,87.92558,46.780758,31.999485,37.0
48.160114,82.13224,45.24381,31.999886,37.0
48.170036,82.78243,45.64944,32.00006,37.0
48.169914,84.02783,45.778313,32.000027,37.0
48.160347,82.09752,39.362766,31.99975,37.0
48.1601,83.11833,46.154156,31.999834,37.0
48.169903,82.92131,40.740784,31.99992,37.0
48.16996,82.54197,46.24805,32.000084,37.0
48.169945,87.77604,45.764984,31.999483,37.0
48.169785,87.67561,46.231194,31.999643,37.0
48.160114,82.4547,46.38899,31.999783,37.0
48.16982,84.93836,44.449776,31.99998,37.0
48.169865,82.69591,42.559586,31.99998,37.0
48.16021,87.337265,46.11482,31.999464,37.0
48.170135,83.65675,42.327595,31.999998,37.0
48.16996,82.1307,46.41379,32.00005,37.0
48.169853,87.55385,45.382084,31.999746,37.0
48.17002,82.42024,38.744514,32.000023,37.0
48.17,83.765144,43.245296,32.000034,37.0
48.160145,83.410805,39.78851,31.999731,37.0
48.17002,81.63502,44.846634,31.999975,37.0
48.16011,85.90448,45.18046,31.999704,37.0
48.160072,82.36391,46.339188,31.999928,37.0
48.160027,85.37678,44.87179,31.999832,37.0
48.16015,85.19782,44.78354,31.99965,37.0
48.169865,82.0801,46.61804,31.999905,37.0
48.17003,83.43901,40.474667,32.00003,37.0
48.169975,82.435524,45.624596,32.000023,37.0
48.160076,84.645386,44.85971,31.9998,37.0
48.16999,81.939705,45.578384,31.999964,37.0
48.170002,83.66943,43.049316,32.000046,37.0
48.160194,81.89112,44.760117,31.999964,37.0
48.169937,83.48214,46.447205,32.000084,37.0
48.169807,86.167725,45.441402,31.999992,37.0
48.160152,84.883865,44.505272,31.999676,37.0
48.160088,82.69664,46.566257,31.999777,37.0
48.169884,87.68001,47.17515,32.0002,37.0
48.160175,81.75892,46.34948,31.999897,37.0
48.169792,87.416336,45.57459,31.999817,37.0
48.170013,83.80536,42.355976,32.000023,37.0
48.170017,82.85143,39.31454,32.00008,37.0
48.170036,83.25175,39.438705,32.000034,37.0
48.169838,86.78914,46.19886,32.000076,37.0
48.170044,82.40596,45.691826,32.000076,37.0
48.160152,83.51617,41.10714,31.999731,37.0
48.170017,83.55965,43.96182,32.000023,37.0
48.160107,83.04738,43.254993,31.999754,37.0
48.160164,86.13684,45.746517,31.999561,37.0
48.169945,81.15157,45.92948,31.999903,37.0
48.16018,85.82148,45.410465,31.999598,37.0
48.160126,82.971504,46.81106,31.999847,37.0
48.17005,83.82421,42.873627,31.999853,37.0
48.16003,87.46215,45.761066,31.99967,37.0
48.16012,81.96446,45.174664,31.99989,37.0
48.17002,83.44185,44.302868,32.00004,37.0
48.160084,81.933395,43.347454,31.999897,37.0
48.169987,81.8786,45.191715,31.999983,37.0
48.170067,83.7082,40.8927,32.00005,37.0
48.160088,86.4164,45.47359,31.999743,37.0
48.169983,82.89941,43.40904,31.99989,37.0
48.169807,87.262985,45.382298,31.999807,37.0
48.17005,83.66248,40.93012,32.00001,37.0
48.160114,82.63615,46.582874,31.999758,37.0
48.169914,81.66718,45.81697,31.99995,37.0
48.1698,86.94442,45.354786,31.999643,37.0
48.160133,85.49801,45.090584,31.999779,37.0
48.160103,87.36167,45.919468,31.999613,37.0
48.16009,85.596924,45.128838,31.999634,37.0
48.170074,81.19411,39.96962,31.999912,37.0
48.17002,83.39812,40.24577,31.999994,37.0
48.160126,87.02286,45.48283,31.99965,37.0
48.169872,82.58188,42.41901,31.999935,36.99999
48.16011,81.27812,45.547215,31.999874,37.0
48.160103,81.96659,46.095863,31.999928,37.0
48.170033,81.36739,44.10159,31.999987,37.0
48.16012,88.05444,47.104515,31.999432,37.0
48.160072,82.812325,42.71889,31.99987,37.0
48.169785,86.57193,45.26641,31.999765,37.0
48.160133,87.749214,46.64858,31.999601,37.0
48.16994,82.120056,46.467266,32.000004,37.0
48.16008,81.94916,44.14729,31.99994,37.0
48.17005,82.17241,44.019352,32.000057,37.0
48.169857,86.72167,45.55974,31.999832,37.0
48.16009,82.88455,43.23275,31.999804,37.0
48.169765,85.074684,45.12141,32.000088,37.0
48.160183,85.781555,45.325863,31.999569,37.0
48.159996,87.58164,45.881607,31.999615,37.0
48.169823,84.41536,45.264812,32.00003,37.0
48.169827,87.13028,45.557026,31.999777,37.0
48.17005,82.90236,41.355053,32.00006,37.0
48.16009,80.71604,45.260845,31.999914,37.0
48.169933,86.45065,45.152103,31.999926,37.0
48.16984,86.8974,45.31818,31.999779,37.0
48.16012,85.66573,45.023212,31.999683,37.0
48.16993,87.733,47.618168,32.000217,37.0
48.16988,87.05356,45.712627,32.00006,37.0
48.160152,86.56734,45.95968,31.999607,37.0
48.16012,81.65582,45.856163,31.999884,37.0
48.170006,82.077675,46.289803,32.000114,37.0
48.160122,85.11822,44.71941,31.999697,37.0
48.169964,83.522865,43.630474,31.999949,37.0
48.16993,81.148544,45.655544,31.999949,37.0
48.170055,83.92505,42.378002,32.000057,37.0
48.17002,82.1768,46.14416,32.00009,37.0
48.17006,83.197655,40.461594,31.999989,37.0
48.160126,81.91147,42.546646,31.99998,37.0
48.169823,85.86889,45.09229,31.999952,37.0
48.17002,81.06125,44.5439,31.999954,37.0
48.16011,83.576775,41.4026,31.99972,37.0
48.160133,82.95792,41.28246,31.99966,37.0
48.160164,85.69579,45.204807,31.99963,37.0
48.17003,83.45075,39.81709,32.00002,37.0
48.17005,83.634674,40.60651,32.000046,37.0
48.160084,82.10556,45.693832,31.999895,37.0
48.17001,83.53858,41.717434,31.999998,37.0
48.160072,83.708305,45.758835,31.999874,37.0
48.16987,87.47832,46.71318,32.000065,37.0
48.16013,87.47914,46.34223,31.999538,37.0
48.16012,87.225365,45.613064,31.999674,37.0
48.160164,84.89701,44.95771,31.999798,37.0
48.169792,87.11201,45.45418,31.999664,37.0
48.160133,82.195,41.274727,31.999853,37.0
48.169975,82.96887,39.20266,32.000027,37.0
48.169907,82.39568,42.286667,31.999971,37.0
48.169933,83.58703,41.32155,31.999935,37.0
48.160156,81.936455,46.586662,31.999966,37.0
48.16996,82.834625,42.42541,31.999958,37.0
48.16018,87.519646,46.364563,31.999548,37.0
48.16987,84.679825,44.630062,32.00009,37.0
48.16013,82.7561,45.496758,31.999815,37.0
48.17006,83.49497,41.374054,31.999958,37.0
48.16012,83.593834,40.075546,31.999758,37.0
48.169884,86.058136,45.08226,31.999851,37.0
48.16012,82.34373,45.909527,31.999853,37.0
48.169945,87.57442,47.055878,32.000183,37.0
48.16997,84.05849,44.807514,32.000053,37.0
48.16013,82.96008,39.138947,31.99965,37.0
48.169716,88.23832,47.196445,31.999416,37.0
48.169815,86.26657,45.865913,32.000023,37.0
48.160107,82.066956,40.790394,31.999989,37.0
48.16009,86.95932,45.975677,31.99963,37.0
48.169983,81.535225,43.346203,32.0,37.0
48.160103,82.44787,43.08281,31.999933,37.0
48.16012,86.42039,45.350845,31.99972,37.0
48.16991,82.368965,42.13773,31.999983,37.0
48.170036,81.59553,39.290634,31.999916,37.0
48.169853,84.61626,44.4646,31.999975,37.0
48.170055,83.651375,43.837944,31.999992,37.0
48.170017,83.772224,44.872948,32.00003,37.0
48.17005,83.74261,40.773502,32.000027,37.0
48.16995,83.61246,43.18019,31.999945,37.0
48.160152,81.47915,45.008324,31.999876,37.0
48.16972,86.61644,45.253,31.99965,37.0
48.169888,83.394646,42.788845,31.999935,37.0
48.160133,82.79658,41.90754,31.99973,37.0
48.16009,82.71813,42.320145,31.999834,37.0
48.17003,83.84451,43.558506,31.99996,37.0
48.170036,83.63088,41.09111,31.999996,37.0
48.16015,81.10455,45.56798,31.999874,37.0
48.169865,87.27754,46.529568,32.00005,37.0
48.17002,82.48724,46.190113,31.999977,37.0
48.17006,84.02994,42.291874,32.000034,37.0
48.16016,83.96274,42.239937,31.999659,37.0
48.17007,83.820366,42.27682,32.00004,37.0
48.16012,83.52588,40.963486,31.999756,37.0
48.160065,85.95076,45.341892,31.999676,37.0
48.160175,82.71524,42.889446,31.999943,37.0
48.160103,86.118546,45.328342,31.99968,37.0
48.160122,82.19548,41.874622,32.00005,37.0
48.170033,83.38512,39.57031,32.000042,37.0
48.169907,87.5707,46.748547,32.000145,37.0
48.170036,83.4188,44.58621,32.00005,37.0
48.160107,85.16976,44.937534,31.999817,37.0
48.169876,85.17298,44.795666,32.000034,37.0
48.170044,83.030655,39.467335,32.000034,37.0
48.16985,86.7817,45.361996,31.999802,37.0
48.16996,80.65383,45.56892,31.999939,37.0
48.160095,83.459114,40.670624,31.999743,37.0
48.169975,83.525734,41.351105,31.999962,37.0
48.17,82.18216,46.42983,31.999998,37.0
48.160084,84.78299,44.712196,31.999872,37.0
48.16987,86.8595,45.733936,31.99998,37.0
48.159206,82.491234,42.226307,31.999859,36.999996
48.169796,85.770195,45.02806,31.99998,37.0
48.169884,87.15349,45.525627,31.999784,37.0
48.16982,86.67535,45.2682,31.999908,37.0
48.160164,82.60742,46.96329,31.999716,37.0
48.160175,82.194046,40.66384,31.99992,37.0
48.16016,83.66611,45.981976,31.999731,37.0
48.16988,85.79885,45.916588,31.999996,37.0
48.169945,80.813644,45.34191,31.999935,37.0
48.16009,81.04798,45.543587,31.999905,37.0
48.160187,85.61481,45.282623,31.999586,37.0
48.169945,85.613045,45.839684,32.0,37.0
48.160168,80.54034,45.401917,31.999859,37.0
48.170036,83.71424,44.221195,32.000042,37.0
48.160133,83.62712,42.47365,31.999737,37.0
48.169792,86.74605,46.91647,32.000645,37.0
48.170048,83.465164,41.815388,31.999914,37.0
48.160034,85.97374,45.267715,31.999664,37.0
48.17,82.11447,46.3273,32.000076,37.0
48.17005,83.634674,44.66329,32.000065,37.0
48.169853,87.53983,45.466606,31.999733,37.0
48.16014,87.573906,46.628838,31.999495,37.0
48.16012,82.15276,45.241955,31.99989,37.0
48.169804,84.689476,46.389843,32.00015,37.0
48.160103,82.18671,44.954918,31.99992,37.0
48.170036,82.01852,38.715366,31.999996,37.0
48.16012,83.582214,42.361378,31.999746,37.0
48.169937,84.830864,45.34116,32.000008,37.0
48.169872,86.39775,45.703175,32.00007,37.0
48.160156,87.33802,46.412575,31.99951,37.0
48.160088,85.405685,44.963615,31.999735,37.0
48.16012,82.76724,44.550518,31.999813,37.0
48.16982,86.214226,45.618355,32.000034,37.0
48.16013,81.539665,42.897167,31.999964,37.0
48.160122,82.830795,39.391632,31.999712,37.0
48.16982,85.839485,45.909035,31.999979,37.0
48.170067,82.86351,44.939056,32.00003,37.0
48.169914,87.67406,47.25369,32.000168,37.0
48.169956,82.20817,42.387897,31.999908,37.0
48.17002,81.10841,44.724533,31.999928,37.0
48.160114,81.51305,45.993717,31.999891,37.0
48.169975,83.57361,45.874706,32.000004,37.0
48.16018,86.296974,45.895016,31.99948,37.0
48.160267,82.32694,41.583763,31.999908,37.0
48.169956,82.9043,41.964718,31.999945,37.0
48.160126,83.83375,45.89998,31.999878,37.0
48.169838,87.65457,46.27775,31.99957,37.0
48.170036,83.736404,40.500267,32.000008,37.0
48.16988,82.168434,46.544292,31.999895,37.0
48.160088,86.08541,45.20886,31.99975,37.0
48.169876,81.60395,45.962864,31.999998,37.0
48.17004,83.97553,42.41863,32.00002,37.0
48.16003,84.70967,44.53194,31.99975,37.0
48.160137,81.336945,45.402523,31.999855,37.0
48.160183,82.65072,42.25157,31.999825,37.0
48.160088,82.313156,44.99462,31.999868,37.0
48.16008,86.36679,45.367638,31.999693,37.0
48.16013,82.84413,39.244667,31.99969,37.0
48.169773,83.91506,46.632565,32.000183,37.0
48.169548,88.132355,47.133976,31.999638,37.0
48.160202,81.7057,46.32581,31.999825,37.0
48.16998,83.22641,40.6698,31.999983,37.0
48.16008,83.112946,45.136875,31.99983,37.0
48.16993,83.83175,45.529583,32.00005,37.0
48.16006,81.83966,45.582447,31.999887,37.0
48.16005,87.51559,45.825947,31.999691,37.0
48.160225,83.3431,39.420673,31.999493,37.0
48.160103,83.12388,45.591473,31.99984,37.0
48.170036,83.91675,44.15666,32.000008,37.0
48.160122,82.41002,45.57111,31.999784,37.0
48.170063,83.06935,45.599754,32.00008,37.0
48.169907,87.131935,45.52935,31.999722,37.0
48.160126,83.39365,41.92358,31.99976,37.0
48.16008,86.28735,45.349052,31.999651,37.0
48.160122,82.53397,41.91937,32.000023,37.0
48.160053,85.53589,45.059155,31.999863,37.0
48.169903,87.30786,45.796757,31.999647,37.0
48.160122,82.692474,42.15753,31.999872,37.0
48.160103,82.22293,41.317284,31.999983,37.0
48.17002,84.15226,43.521614,31.999924,37.0
48.170006,87.54627,47.003887,32.000175,37.0
48.16992,87.69137,47.21054,32.0002,37.0
48.16021,82.280365,39.60128,32.00001,37.0
48.160152,84.83839,45.11561,31.999844,37.0
48.169777,87.63486,47.474865,32.00035,37.0
48.17011,83.66945,42.897675,32.00001,37.0
48.17002,83.71565,42.778576,31.999958,37.0
48.160057,86.931656,45.406948,31.999624,37.0
48.17006,83.666855,44.236145,32.000053,37.0
48.169945,81.88447,46.03818,31.999952,37.0
48.170063,82.98451,41.58529,31.999979,37.0
48.17002,86.49898,45.14664,31.999964,37.0
48.169792,87.33188,46.31897,32.000023,37.0
48.16994,83.863625,45.86636,31.999979,37.0
48.16011,84.43407,45.02958,31.99977,37.0
48.17007,83.62461,41.26118,32.000027,37.0
48.170074,82.78347,44.781013,32.00006,37.0
48.170017,83.8615,42.206676,32.000065,37.0
48.16992,84.127144,43.23436,31.999897,37.0
48.16011,82.32461,46.553265,31.999788,37.0
48.16985,86.921165,46.375572,32.000057,37.0
48.1698,87.454956,45.47715,31.999887,37.0
48.1699,83.689224,47.0182,32.000126,37.0
48.160126,81.10172,45.183502,31.99987,37.0
48.169964,82.20415,46.113144,32.00011,37.0
48.169945,87.36059,45.52259,31.999743,37.0
48.17005,83.63059,40.95827,32.000027,37.0
48.16999,87.30339,45.59775,31.999762,37.0
48.170006,83.444275,41.306953,32.000034,37.0
48.160076,86.09324,45.215153,31.999712,37.0
48.160088,83.45977,46.449047,31.999744,37.0
48.160114,86.94564,45.91034,31.999569,37.0
48.169914,86.61485,46.02227,32.000065,37.0
48.170063,81.59069,44.331863,31.99998,37.0
48.170097,83.827255,42.29071,32.000042,37.0
48.16997,82.76184,40.978977,31.999931,37.0
48.17009,83.63115,40.834114,32.000053,37.0
48.160095,82.70934,42.536087,31.999943,37.0
48.169823,86.5087,45.514515,32.000065,37.0
48.160088,83.40391,44.790604,31.999767,37.0
48.169914,84.49416,44.188297,31.999914,37.0
48.169838,87.51757,45.225533,31.999878,37.0
48.17002,83.77441,45.4399,32.000034,37.0
48.1601,83.30679,46.62713,31.999838,37.0
48.160133,84.01587,44.315205,31.999723,37.0
48.169937,82.06294,46.221912,32.000015,37.0
48.169884,84.97034,44.569027,31.999949,37.0
48.16578,82.629776,38.8082,32.000072,37.0
48.160145,82.52736,45.842762,31.999804,37.0
48.160046,83.234566,42.631207,31.999853,37.0
48.169853,86.91474,45.92629,32.000042,37.0
48.16997,82.121925,46.14695,32.000034,37.0
48.16009,82.08979,46.15599,31.999784,37.0
48.16999,83.44289,41.513832,31.999979,37.0
48.17005,82.912315,44.35625,32.00003,37.0
48.160103,85.46186,44.99188,31.999718,37.0
48.16017,83.77041,41.164104,31.999744,37.0
48.160038,87.377785,45.87642,31.999651,37.0
48.1601,83.28548,46.924942,31.999798,37.0
48.160088,87.91115,46.726402,31.999586,37.0
48.16011,83.50247,39.83764,31.999775,37.0
48.160133,85.30839,44.84932,31.999702,37.0
48.16997,82.28077,38.71252,31.999989,37.0
48.17003,83.685135,42.655624,31.999958,37.0
48.16983,87.7203,45.410408,31.999638,37.0
48.170025,83.921234,43.069744,32.000034,37.0
48.160137,83.10992,46.848232,31.99978,37.0
48.169792,87.5963,45.35734,31.999708,37.0
48.17,82.16106,45.552628,32.000004,37.0
48.169926,80.5817,45.63488,31.999897,37.0
48.16015,86.50474,45.6351,31.999586,37.0
48.16016,81.63746,46.29236,31.999865,37.0
48.170067,83.58291,44.558968,32.000004,37.0
48.16993,83.97933,42.96532,31.999935,37.0
48.1601,82.195045,45.409386,31.99984,37.0
48.169853,84.934944,45.29563,31.99999,37.0
48.170067,82.89881,44.255375,32.000042,37.0
48.170002,83.979416,43.82868,32.00001,37.0
48.160248,83.19769,39.19642,31.999659,37.0
48.160065,81.23193,45.819057,31.999924,37.0
48.160126,83.6522,43.368134,31.999746,37.0
48.169903,85.3942,45.4701,31.999937,37.0
48.160072,81.80865,44.63943,31.99992,37.0
48.170074,83.03577,44.807842,32.000053,37.0
48.160088,83.216545,46.599995,31.999802,37.0
48.16976,88.19484,47.18038,31.9995,37.0
48.169975,82.86836,41.51091,31.999956,37.0
48.1601,83.42339,39.803066,31.99975,37.0
48.16993,85.89295,45.34808,31.999945,37.0
48.17005,82.360825,45.347725,32.00007,37.0
48.160072,84.56857,44.253605,31.999756,37.0
48.170036,83.6469,42.38474,32.000042,37.0
48.160107,82.69326,42.214695,31.999798,37.0
48.16984,87.27597,45.386223,31.999836,37.0
48.160072,83.41685,41.48662,31.999765,37.0
48.160152,85.27783,44.826656,31.999662,37.0
48.170036,82.22195,43.33197,32.000042,37.0
48.169983,84.34664,45.911407,31.999979,37.0
48.160072,85.8234,45.199024,31.999771,37.0
48.160152,82.05734,42.385292,32.000008,37.0
48.16011,85.79049,45.115112,31.999697,37.0
48.169827,85.057884,44.650635,32.000034,37.0
48.170055,82.954216,44.154636,32.00002,37.0
48.16016,87.35512,46.770977,31.999468,37.0
48.169975,80.72417,45.563694,31.999949,37.0
48.160088,81.6254,45.32931,31.999908,37.0
48.169895,87.40866,46.44574,32.000076,37.0
48.16015,83.61385,39.87003,31.99974,37.0
48.160107,81.79858,45.703056,31.999817,37.0
48.160088,82.215775,45.30246,31.999868,37.0
48.170013,82.39965,44.439163,32.00001,37.0
48.160107,83.45617,40.561092,31.999685,37.0
48.160187,82.46196,44.054432,31.999897,37.0
48.169926,82.09004,41.68095,31.99994,37.0
48.160046,85.369,44.95939,31.999886,37.0
48.169838,85.72366,44.930984,31.999914,37.0
48.16013,82.740005,45.79184,31.999836,37.0
48.16978,86.60519,45.644974,31.99999,37.0
48.16983,87.536736,45.97838,31.999651,37.0
48.16008,82.68121,43.342968,31.999977,37.0
48.160114,82.833405,42.26499,31.999798,37.0
48.160072,87.96244,46.95044,31.999525,37.0
48.160194,82.16709,40.583035,31.999922,37.0
48.17,82.46352,45.297096,32.00005,37.0
48.17011,83.7703,43.69575,32.0,37.0
48.169945,82.0852,46.180996,31.999998,37.0
48.160126,81.679985,46.057224,31.999924,37.0
48.169876,87.34517,46.79876,32.000088,37.0
48.170013,82.31596,45.71132,32.000076,37.0
48.160133,86.085144,45.54024,31.999577,37.0
48.16999,84.51869,44.018314,32.00001,37.0
48.169785,85.74644,45.48846,32.000072,37.0
48.160194,82.60429,43.678387,31.999962,37.0
48.160107,86.5869,45.388157,31.999735,37.0
48.170036,82.30393,44.382717,32.00005,37.0
48.160095,83.401924,45.925438,31.999767,37.0
48.16013,81.61421,44.067307,31.999937,37.0
48.16014,81.156906,45.62712,31.999857,37.0
48.16987,85.8218,45.14561,31.999975,37.0
48.16998,86.681206,45.26515,32.000034,37.0
48.16011,82.352715,46.740177,31.999784,37.0
48.17007,83.89086,41.480305,31.999996,37.0
48.169975,82.04175,42.675415,31.99993,36.99998
48.169933,83.76515,42.549553,31.999933,37.0
48.160103,81.89818,45.62637,31.999826,37.0
48.16985,86.85116,45.9885,32.00001,37.0
48.160084,83.28137,46.402157,31.999819,37.0
48.169895,87.10233,46.10285,32.000057,37.0
48.16988,81.849495,46.137207,31.999943,37.0
48.16008,85.687805,45.10173,31.999844,37.0
48.169937,87.43124,46.52797,32.000156,37.0
48.170006,83.20969,45.491817,32.000057,37.0
48.160084,82.11879,41.450867,31.999979,37.0
48.160088,83.34649,46.20949,31.999805,37.0
48.165497,81.112144,44.160954,31.999975,37.0
48.169662,87.67644,47.877766,32.000473,37.0
48.16986,87.50092,46.652,32.000065,37.0
48.1699,85.37818,45.996674,32.00022,37.0
48.16993,82.469635,39.001873,31.999979,37.0
48.160107,87.78643,46.79867,31.999502,37.0
48.169823,87.71402,47.18215,32.00014,37.0
48.1699,81.78115,46.06917,31.999962,37.0
48.17007,81.19758,44.78634,31.999964,37.0
48.170067,83.82134,42.910675,31.999907,37.0
48.16014,86.6934,45.410423,31.999569,37.0
48.16012,82.144035,46.201347,31.999945,37.0
48.160156,87.29979,46.2257,31.999538,37.0
48.170048,82.28371,45.266083,32.000042,37.0
48.160137,82.97351,45.21306,31.999807,37.0
48.16008,85.82443,45.21417,31.999811,37.0
48.169968,83.273506,41.81445,31.999977,37.0
48.169983,83.5604,46.10292,32.00008,37.0
48.16994,82.099945,46.5831,31.99986,37.0
48.169823,82.22155,41.695297,32.000084,36.999992
48.16008,85.33984,44.900845,31.99963,37.0
48.160072,81.61608,43.16333,31.9999,37.0
48.16,85.53333,44.973633,31.999857,37.0
48.170048,83.74231,44.79426,32.00001,37.0
48.160072,83.32265,40.749176,31.99972,37.0
48.16998,83.98721,42.65538,32.000008,37.0
48.160133,82.05393,45.93525,31.999765,37.0
48.16019,86.9241,45.446457,31.999512,37.0
48.16012,82.46336,46.690495,31.99973,37.0
48.16999,82.483665,44.951557,32.000065,37.0
48.16012,88.08144,47.21231,31.999434,37.0
48.169975,84.450134,43.905197,31.999971,37.0
48.16007,83.22623,43.48361,31.999748,37.0
48.170105,83.63271,43.91886,32.000095,37.0
48.160072,84.82833,44.738846,31.999802,37.0
48.160355,82.919815,39.188713,31.999613,37.0
48.160126,84.46716,44.774754,31.999895,37.0
48.160156,83.4161,46.62607,31.999777,37.0
48.17003,83.16531,44.547726,32.00002,37.0
48.169888,84.569244,44.321095,31.999945,37.0
48.169804,87.18729,46.141144,31.999918,37.0
48.16014,83.517975,40.519295,31.999714,37.0
48.169838,86.56158,45.639557,32.000015,37.0
48.160084,83.107574,45.946392,31.999832,37.0
48.16976,87.37197,45.242474,31.999693,37.0
48.1699,85.97131,45.07886,31.999897,37.0
48.170036,83.15495,45.773457,32.000034,37.0
48.16011,82.59687,43.209423,31.999971,37.0
48.16,85.33249,44.67495,31.999819,37.0
48.16996,83.24363,46.131237,32.000088,37.0
48.169968,82.03094,46.430336,32.00004,37.0
48.160137,81.63263,45.726093,31.999903,37.0
48.169643,87.68504,47.722244,32.000473,37.0
48.160114,82.200775,45.722836,31.999805,37.0
48.160023,86.94533,45.501915,31.999746,37.0
48.160145,80.91978,45.616917,31.999882,37.0
48.170036,83.15855,39.475822,32.00005,37.0
48.160103,83.37438,46.183994,31.999807,37.0
48.160137,86.1377,45.275684,31.999657,37.0
48.17006,82.2317,46.31879,32.00009,37.0
48.1698,87.66103,47.03651,32.000156,37.0
48.169987,81.9526,45.00662,32.000023,37.0
48.16004,85.03636,44.64649,31.999725,37.0
48.169987,81.83989,45.532024,32.00002,37.0
48.16013,82.691025,38.728104,31.99957,37.0
48.160088,83.50284,41.269577,31.999746,37.0
48.16986,83.796165,47.055805,32.000187,37.0
48.160095,83.50827,41.88594,31.999775,37.0
48.170074,83.606346,40.964943,32.000027,37.0
48.169884,84.11627,43.322502,31.999878,37.0
48.169987,82.18975,45.62233,31.999947,37.0
48.16013,87.06747,45.5738,31.999691,37.0
48.1601,82.08065,45.16929,31.99989,37.0
48.160088,87.38662,45.82077,31.99973,37.0
48.160126,87.299095,45.77112,31.999628,37.0
48.170082,83.633575,41.43442,32.000053,37.0
48.16989,85.97483,45.380035,32.00002,37.0
48.16998,82.094154,46.292896,32.000053,37.0
48.169876,81.98787,46.130394,31.999966,37.0
48.160107,83.38953,44.308598,31.999775,37.0
48.16008,81.99261,45.492363,31.999859,37.0
48.16989,81.65313,45.902393,31.999979,37.0
48.160126,82.04784,40.23948,32.000088,37.0
48.160133,86.16789,45.669594,31.999607,37.0
48.160107,82.65079,42.920822,31.999952,37.0
48.17005,83.711235,41.396793,32.000023,37.0
48.16013,82.95248,46.528885,31.999771,37.0
48.169888,82.20162,46.636444,31.999874,37.0
48.160126,83.772736,42.81775,31.999725,37.0
48.160076,81.94037,45.571247,31.999832,37.0
48.160088,86.50286,45.189163,31.999653,37.0
48.160133,81.32066,44.995155,31.999895,37.0
48.17004,83.74814,41.202965,32.00001,37.0
48.160122,82.84347,42.070793,31.999748,37.0
48.169838,86.06515,45.295074,32.0,37.0
48.170055,83.58594,42.60566,32.00007,37.0
48.17002,83.75177,39.710636,31.999989,37.0
48.170063,83.75156,42.111183,32.000065,37.0
48.17005,82.02346,39.132454,32.000008,37.0
48.16906,81.04887,45.116673,31.99989,37.0
48.16981,87.62184,46.886475,32.00009,37.0
48.169884,82.071304,46.139095,31.999983,37.0
48.160164,82.248924,40.73063,31.99987,37.0
48.16012,83.67569,43.45339,31.999748,37.0
48.169666,86.3256,46.046974,32.000008,37.0
48.170044,81.272865,43.92936,31.99998,37.0
48.169876,84.70606,45.65666,32.000065,37.0
48.170033,83.247604,44.06396,32.00004,37.0
48.169975,82.103905,46.377262,32.00001,37.0
48.160107,82.12775,44.9106,31.999912,37.0
48.16001,85.20916,44.732376,31.99976,37.0
48.169975,81.155174,45.297504,32.00001,37.0
48.16019,86.708786,46.20754,31.999489,37.0
48.169933,87.630714,47.07811,32.00013,37.0
48.17003,83.536804,41.078037,32.00003,37.0
48.16996,82.13439,46.20998,32.00002,37.0
48.16005,85.79074,44.94168,31.999702,37.0
48.17005,82.78129,44.31039,32.000034,37.0
48.169975,84.84105,44.459953,32.0,37.0
48.160088,85.50601,45.012615,31.999735,37.0
48.16011,85.4088,44.98068,31.99965,37.0
48.16993,82.03638,46.14059,32.00001,37.0
48.160114,83.14001,42.26417,31.999699,37.0
48.17005,83.32864,39.650085,32.000027,37.0
48.170094,82.927,44.555553,32.00006,37.0
48.16016,80.84735,45.536537,31.999815,37.0
48.169853,86.94086,45.633247,31.999672,37.0
48.16016,87.31321,46.918438,31.999434,37.0
48.170036,84.05765,44.067753,31.999916,37.0
48.16004,86.87937,45.971554,31.999617,37.0
48.16015,81.81106,46.461506,31.999863,37.0
48.169838,85.62992,45.62136,32.000008,37.0
48.16977,87.51917,47.962116,32.0006,37.0
48.169907,82.00713,46.62037,31.999855,37.0
48.160114,81.91231,45.349514,31.99987,37.0
48.16991,83.54365,46.301414,32.00003,37.0
48.16999,83.191765,39.198986,32.00003,37.0
48.160164,82.68212,42.11621,31.999958,37.0
48.160114,82.08055,45.391655,31.999847,37.0
48.16016,81.69815,46.156414,31.999918,37.0
48.169888,81.71548,45.829685,31.99998,37.0
48.16007,84.129295,44.996693,31.999834,37.0
48.169846,86.97537,46.063377,32.00002,37.0
48.170048,83.21847,40.14397,32.000008,37.0
48.16991,85.1771,44.778526,32.00003,37.0
48.160095,82.89472,46.180695,31.99984,37.0
48.170002,86.62399,44.985504,31.99995,37.0
48.170036,83.90799,42.12177,32.00002,37.0
48.160164,85.33322,44.9369,31.99965,37.0
48.160133,85.186516,44.85558,31.999603,37.0
48.16011,82.79738,42.540367,31.99983,37.0
48.169846,81.42984,45.972782,31.999994,37.0
48.169952,84.14596,44.326332,31.999954,36.999992
48.169846,86.84432,45.912888,32.00003,37.0
48.169964,83.44641,40.843826,32.0,37.0
48.160133,83.526505,44.7538,31.999773,37.0
48.16017,83.803085,41.55298,31.999762,37.0
48.160053,82.627686,43.26121,31.99997,37.0
48.16012,86.32176,45.844604,31.999544,37.0
48.160133,82.05258,44.247086,31.999931,37.0
48.169872,82.0465,46.09238,31.999964,37.0
48.170074,82.78114,40.312176,32.00004,37.0
48.160133,84.42883,44.587723,31.999771,37.0
48.170082,82.787834,45.2257,32.000076,37.0
48.160126,81.5103,45.358166,31.99989,37.0
48.170002,82.44767,44.403763,32.000034,37.0
48.160156,83.54011,46.214058,31.999699,37.0
48.170094,83.85392,42.75788,31.999994,37.0
48.16973,86.88228,45.545452,31.999668,37.0
48.16008,86.37836,45.65812,31.999628,37.0
48.170055,83.794075,42.32621,32.00002,37.0
48.160156,87.50602,46.634544,31.999466,37.0
48.16071,86.50499,45.330063,31.99973,37.0
48.160122,82.29708,42.316555,32.000008,37.0
48.16996,82.85711,39.030872,32.000008,37.0
48.16007,87.18668,46.091656,31.999632,37.0
48.170013,83.76023,41.60499,32.0,37.0
48.169975,82.95712,45.888794,32.00009,37.0
48.169975,87.63777,47.074005,32.00016,37.0
48.160046,87.07305,45.571022,31.999714,37.0
48.160103,82.713585,42.053295,31.99985,37.0
48.16999,82.26309,42.518818,32.000027,37.0
48.160137,83.77426,42.141327,31.999712,37.0
48.169773,85.03198,45.023647,32.000065,37.0
48.160107,83.395905,44.42932,31.999743,37.0
48.16999,84.11379,43.338417,31.999989,37.0
48.16979,87.69422,47.613224,32.00037,37.0
48.170055,83.89768,42.705463,32.000027,37.0
48.169792,86.369644,45.621246,32.000015,37.0
48.160107,81.92547,45.46366,31.999834,37.0
48.169956,82.3096,42.659077,31.99995,36.999996
48.169918,85.21009,44.957306,31.999971,37.0
48.169983,82.09166,45.760303,31.999989,37.0
48.17003,83.4996,39.626995,32.000023,37.0
48.170082,83.45341,43.99105,32.000084,37.0
48.169823,85.08572,45.43759,32.000008,37.0
48.16015,84.25131,42.943363,31.999718,37.0
48.16012,86.14103,45.126938,31.999687,37.0
48.160088,87.7407,46.321644,31.99962,37.0
48.16012,83.53271,41.295677,31.999737,37.0
48.160076,80.40898,45.49795,31.999924,37.0
48.16988,84.75841,44.40812,31.999996,37.0
48.169987,82.08295,38.63309,31.999968,37.0
48.170006,82.72717,41.405903,32.00004,37.0
48.160095,86.79885,45.590233,31.999723,37.0
48.170013,82.31919,45.789417,32.000076,37.0
48.16975,85.01785,44.99897,32.0,37.0
48.170055,83.68189,40.87214,32.0,37.0
48.16008,85.21499,44.794575,31.999693,37.0
48.16012,82.08048,45.848362,31.999891,37.0
48.17001,82.70097,44.701977,32.000042,37.0
48.170002,81.904976,45.46927,32.00001,37.0
48.16986,81.99861,46.703987,31.999878,37.0
48.170006,83.34232,45.461113,32.00004,37.0
48.16994,84.04695,44.944195,32.000042,37.0
48.169964,82.20639,46.09463,32.000126,37.0
48.16999,84.2131,45.44797,32.000065,37.0
48.169895,84.11921,43.57697,31.999996,37.0
48.16008,83.4751,41.838303,31.999754,37.0
48.169952,83.084206,46.462543,32.00008,37.0
48.16008,83.17438,46.387207,31.999832,37.0
48.16994,84.40588,44.029667,31.999949,37.0
48.160145,83.5581,40.31604,31.999775,37.0
48.169926,82.07159,46.351467,32.000015,37.0
48.16983,85.792725,45.015125,31.999907,37.0
48.160145,82.1093,41.50094,32.000042,37.0
48.16015,86.88759,46.366337,31.999495,37.0
48.17007,83.56382,44.046803,32.00004,37.0
48.169678,84.57204,45.560333,32.000126,37.0
48.160187,83.4272,39.42336,31.999722,37.0
48.169968,87.66975,45.426895,31.999603,37.0
48.169983,82.228134,46.347828,32.000065,37.0
48.169994,84.54091,44.238422,31.999933,37.0
48.169823,85.06066,45.39843,32.000027,37.0
48.16981,87.84027,45.726128,31.99965,37.0
48.160187,86.50068,45.969666,31.999521,37.0
48.17002,81.59531,43.396145,32.000004,37.0
48.169827,87.61907,45.70143,31.999863,37.0
48.169994,84.01669,42.828312,32.0,37.0
48.160194,81.06619,45.307503,31.999846,37.0
48.16987,84.93071,45.21138,32.000004,37.0
48.16013,85.55754,45.075554,31.99964,37.0
48.16994,81.96139,42.823986,31.999971,37.0
48.161667,88.092186,46.98631,31.99959,37.0
48.16983,87.602936,46.897663,32.00007,37.0
48.169807,87.675125,47.148483,32.000168,37.0
48.160088,83.42878,40.771202,31.99972,37.0
48.16014,83.79509,40.948864,31.999743,37.0
48.17003,82.62886,38.90878,32.000034,37.0
48.17,84.70062,44.402576,31.999987,37.0
48.170074,83.806145,44.52964,31.99997,37.0
48.170025,82.738144,45.5405,32.000034,37.0
48.16999,81.304726,44.47238,31.99991,37.0
48.1602,82.97878,39.26014,31.999659,37.0
48.160084,82.64588,45.789383,31.999805,37.0
48.160084,86.904465,45.359898,31.999575,37.0
48.169918,87.10026,45.54274,31.99998,37.0
48.160107,82.246635,44.8262,31.999989,37.0
48.16991,81.96166,46.03666,31.999962,37.0
48.169853,85.14674,44.689674,31.999985,37.0
48.16014,82.036026,41.656986,31.999905,37.0
48.16012,83.5155,41.80493,31.999756,37.0
48.160076,86.394,45.370304,31.999718,37.0
48.16013,85.09782,44.892086,31.999834,37.0
48.160088,82.007126,41.47582,31.999989,37.0
48.160114,84.94428,44.47753,31.999668,37.0
48.170036,82.76698,44.915897,32.00006,37.0
48.16982,86.16195,45.981632,32.000015,37.0
48.160046,85.6137,45.011513,31.9998,37.0
48.160103,83.403885,46.66222,31.999754,37.0
48.17005,83.53311,40.192604,32.000027,37.0
48.16011,82.11475,46.335045,31.99989,37.0
48.160133,82.28086,40.67268,31.999792,37.0
48.16996,86.99099,45.37602,31.999933,37.0
48.169796,87.71067,47.708366,32.000477,37.0
48.16986,87.41621,46.776768,31.999998,37.0
48.170086,83.294106,42.795826,31.999996,37.0
48.16965,88.17649,47.11818,31.999487,37.0
48.17001,84.02449,43.12071,31.999908,37.0
48.169907,84.621925,44.451874,31.999985,37.0
48.17001,84.01863,43.021774,32.00005,37.0
48.160255,82.481926,45.897507,31.999924,37.0
48.16014,82.11743,40.51645,31.999968,37.0
48.160107,85.030235,44.617226,31.999699,37.0
48.16007,83.17736,43.43326,31.999773,37.0
48.160107,81.98693,46.029297,31.999897,37.0
48.160065,83.42393,41.394596,31.999788,37.0
48.17005,83.66045,40.539722,32.000004,37.0
48.160084,80.7735,44.475037,31.999949,37.0
48.160038,83.35962,43.666866,31.999779,37.0
48.160152,82.62578,42.186012,31.999878,37.0
48.17008,83.81416,42.449467,32.000042,37.0
48.16988,87.18003,45.84318,32.000107,37.0
48.170006,81.02438,44.832687,31.999914,37.0
48.160072,83.17621,45.18143,31.999744,37.0
48.160137,83.432884,45.840137,31.999783,37.0
48.170067,83.70672,42.23309,32.00003,37.0
48.17005,82.87832,39.074528,32.000084,37.0
48.160046,88.10955,47.030483,31.999498,37.0
48.169968,84.00777,42.95048,31.999956,37.0
48.169884,85.474266,44.821808,31.999966,37.0
48.160175,81.33291,45.210163,31.999863,37.0
48.16983,86.042404,45.64,32.00001,37.0
48.170067,83.799736,41.57856,32.000004,37.0
48.160122,87.2213,45.721012,31.999601,37.0
48.17005,83.72229,41.019585,31.99999,37.0
48.17005,83.76508,41.384327,32.000023,37.0
48.169933,83.454384,46.354942,32.00007,37.0
48.160103,83.038994,44.58823,31.999804,37.0
48.160156,81.696655,46.309628,31.999884,37.0
48.160145,80.50134,45.493397,31.999859,37.0
48.160107,82.310005,45.910988,31.999844,37.0
48.169415,88.2896,47.445354,31.999176,37.0
48.160095,81.77621,45.481117,31.999866,37.0
48.160164,87.357895,46.211403,31.999458,37.0
48.16014,82.8276,42.80365,31.999964,37.0
48.1601,85.06773,44.65064,31.999626,37.0
48.169884,86.03135,45.250866,31.999966,37.0
48.16997,85.54438,45.02948,32.000008,37.0
48.16,87.49297,45.902164,31.999704,37.0
48.170063,83.10573,43.75111,32.000034,37.0
48.170025,82.64656,45.074726,32.000088,37.0
48.169945,82.09215,46.516434,31.999947,37.0
48.160145,82.64727,43.366455,31.999931,37.0
48.160107,83.30859,46.456875,31.999786,37.0
48.16017,83.07671,39.185123,31.999708,37.0
48.170067,83.69384,40.88369,32.00003,37.0
48.160133,86.18121,45.442005,31.999748,37.0
48.160088,83.474335,41.612526,31.999758,37.0
48.160057,86.04754,45.130493,31.999666,37.0
48.16991,82.3712,42.229355,32.00001,37.0
48.170048,82.83592,44.247047,32.00003,37.0
48.169838,86.94301,45.342743,31.999613,37.0
48.16013,81.443565,45.486595,31.999887,37.0
48.17005,83.5254,44.501328,32.000114,37.0
48.168835,82.014175,46.56308,31.999836,37.0
48.17001,81.516396,45.372345,32.000023,37.0
48.16982,88.18508,47.002766,31.999525,37.0
48.16053,80.371765,45.276657,31.999947,37.0
48.16982,86.361916,45.63167,32.00004,37.0
48.170074,82.61136,44.842873,32.00007,37.0
48.160126,80.75916,45.417118,31.999905,37.0
48.160137,83.45678,40.109486,31.999697,37.0
48.170006,83.68892,45.230247,32.000004,37.0
48.169876,86.19684,45.219063,31.999971,37.0
48.170036,83.15848,39.4601,32.000015,37.0
48.170094,83.93335,43.526108,31.99999,37.0
48.169956,87.2104,45.37465,31.99985,37.0
48.169975,82.86273,46.193275,32.0,37.0
48.17009,81.5607,39.22412,31.999966,37.0
48.160133,81.671715,46.075794,31.999895,37.0
48.169914,86.3448,45.16961,31.999887,37.0
48.160133,81.75212,46.262924,31.99982,37.0
48.160088,81.97064,45.81987,31.999804,37.0
48.16013,82.35649,46.042866,31.999819,37.0
48.16015,82.47788,41.80309,31.999886,37.0
48.169945,85.482994,46.850105,32.000175,37.0
48.1601,83.274086,46.636497,31.999762,37.0
48.170002,86.63668,45.03647,31.999996,37.0
48.16984,85.50022,44.839962,31.99993,37.0
48.169983,82.86899,45.614616,32.000076,37.0
48.170067,83.6398,43.07227,32.000046,37.0
48.170006,82.6153,44.74073,32.000034,37.0
48.16001,86.10768,45.06332,31.99979,37.0
48.16012,81.64816,45.843773,31.9999,37.0
48.170067,83.847755,42.68736,32.000053,37.0
48.160152,82.320854,40.95592,31.999815,37.0
48.16011,81.96337,45.203537,31.999865,37.0
48.160072,88.190605,47.402916,31.999426,37.0
48.16009,83.36309,45.529846,31.999773,37.0
48.17005,83.7357,40.1301,32.000023,37.0
48.160168,83.84363,42.038975,31.999737,37.0
48.16013,83.60561,44.64573,31.999743,37.0
48.169975,83.36381,45.66072,32.000023,37.0
48.160103,86.24674,45.185474,31.999699,37.0
48.16984,87.69374,47.733868,32.00045,37.0
48.169975,82.18208,44.780987,32.000053,37.0
48.170025,81.995766,43.30289,32.000008,37.0
48.16018,83.50893,39.733044,31.999733,37.0
48.16997,83.087555,46.100178,32.000084,37.0
48.170048,83.72018,44.173756,32.000004,37.0
48.160145,83.68878,45.55731,31.999723,37.0
48.169918,83.30367,46.837276,32.00013,37.0
48.160076,85.60145,45.11693,31.999844,37.0
48.169983,81.60274,43.3993,31.999964,37.0
48.169804,85.35177,44.78597,31.999907,36.999996
48.16014,85.36257,44.9971,31.999613,37.0
48.16009,83.61156,41.189796,31.999762,37.0
48.17007,83.76943,42.09382,32.000015,37.0
48.16013,83.86977,42.661606,31.999731,37.0
48.170036,83.60469,43.465393,32.000053,37.0
48.16018,82.120804,41.385994,31.999853,37.0
48.160095,83.37245,45.53658,31.999767,37.0
48.16015,82.51274,46.433994,31.999743,37.0
48.17004,83.35001,42.525124,31.99986,37.0
48.17004,83.41244,40.221104,32.000034,37.0
48.16009,81.75967,45.605663,31.999866,37.0
48.16986,87.00731,45.57237,32.000046,37.0
48.160137,83.65865,42.487896,31.999763,37.0
48.160072,84.41202,44.302776,31.999733,37.0
48.160076,83.312256,44.01412,31.999687,37.0
48.170025,81.82561,44.933445,31.999996,37.0
48.17002,83.40578,39.297783,32.000015,37.0
48.170013,83.561226,41.64226,31.999983,37.0
48.170002,84.66043,44.766396,32.000057,37.0
48.170036,82.809654,44.781235,32.000053,37.0
48.17004,81.94308,45.160866,32.00006,37.0
48.17001,83.43534,40.36068,32.000034,37.0
48.160107,83.59049,40.75848,31.999771,37.0
48.170017,84.063965,43.348152,31.99993,37.0
48.160088,82.59202,42.899437,31.999947,37.0
48.16015,85.75136,45.28252,31.999552,37.0
48.160107,82.87812,44.532143,31.999788,37.0
48.1601,86.766685,46.055435,31.999567,37.0
48.16975,84.69852,44.81195,32.000084,37.0
48.160114,83.486565,39.769566,31.999752,37.0
48.160103,83.663475,41.780556,31.999758,37.0
48.170097,83.55972,42.794575,32.000015,37.0
48.169975,83.91697,42.842037,31.999918,37.0
48.169895,83.908,46.488094,32.00005,37.0
48.16014,85.547745,45.073547,31.999683,37.0
48.169994,81.88265,45.328484,32.000015,37.0
48.17002,81.31815,43.878117,31.999983,37.0
48.170006,82.112625,45.225025,32.00005,37.0
48.170074,83.779564,41.71798,32.000015,37.0
48.170002,81.99376,44.81165,31.999998,37.0
48.16013,83.71695,45.888405,31.999756,37.0
48.169914,86.89386,45.410313,31.999718,37.0
48.16013,85.88402,45.385807,31.999598,37.0
48.16018,86.20372,45.470394,31.99976,37.0
48.160213,83.43008,39.56387,31.999704,37.0
48.16015,87.99169,47.106842,31.999493,37.0
48.16014,81.7497,45.12541,31.999878,37.0
48.16015,81.94162,46.298218,31.9999,37.0
48.16013,82.63427,45.598797,31.999815,37.0
48.17006,83.765465,41.302456,32.000034,37.0
48.170067,82.796,44.736637,32.000057,37.0
48.17005,82.67365,45.516884,32.000057,37.0
48.169987,84.26643,43.978004,32.000004,37.0
48.170055,83.35624,43.892014,32.000042,37.0
48.170036,83.90059,42.376816,32.00002,37.0
48.16008,83.46906,40.89769,31.999767,37.0
48.17004,81.29255,44.790234,31.999933,37.0
48.160168,83.2732,39.3941,31.99971,37.0
48.170006,84.103386,42.591366,32.000042,37.0
48.16993,84.51238,43.75582,31.999966,37.0
48.160133,83.21579,42.253685,31.999672,37.0
48.169846,84.95175,44.557766,31.99999,37.0
48.160126,82.960976,42.17968,31.999676,37.0
48.16012,83.464134,46.251152,31.999767,37.0
48.160137,83.682884,44.847828,31.999735,37.0
48.169994,83.3513,41.443935,31.99997,37.0
48.17006,83.8343,41.715878,32.000034,37.0
48.16991,82.0817,46.508198,31.99991,37.0
48.16993,80.64589,45.51165,31.999912,37.0
48.1601,84.52885,43.79988,31.999687,37.0
48.169983,83.72951,45.557827,32.00006,37.0
48.170033,84.02578,45.013054,31.99998,37.0
48.17005,80.87583,44.65163,31.99995,37.0
48.170006,82.065674,46.4191,31.999975,37.0
48.16014,82.00584,42.75095,31.999954,37.0
48.169624,84.70238,45.494286,32.000004,37.0
48.16012,82.76977,43.3347,31.999762,37.0
48.160217,83.44925,39.61872,31.999716,37.0
48.170055,81.30009,43.810635,31.99997,37.0
48.160095,83.15475,46.243855,31.999823,37.0
48.169792,86.36469,45.442005,32.000023,37.0
48.160103,83.020836,45.302692,31.999813,37.0
48.160145,83.26734,39.94952,31.999706,37.0
48.16009,83.495926,39.784557,31.999744,37.0
48.16015,86.153435,45.668526,31.999573,37.0
48.160065,87.83526,46.44831,31.999664,37.0
48.164715,81.70676,46.292496,31.999943,37.0
48.160133,83.626884,43.718742,31.999731,37.0
48.160122,83.53137,45.019333,31.999762,37.0
48.16012,86.76367,46.214474,31.999592,37.0
48.16021,83.03688,39.089005,31.999603,37.0
48.16997,82.46451,45.740543,32.000004,37.0
48.160057,84.58626,44.31131,31.999727,37.0
48.1699,86.72427,45.751995,32.00009,37.0
48.170074,83.64612,41.240334,32.00006,37.0
48.170036,81.57823,43.92061,31.99999,37.0
48.16012,81.563805,44.919334,31.999952,37.0
48.169823,81.35599,46.007484,31.99998,37.0
48.16012,81.85354,46.19686,31.999819,37.0
48.160137,86.49217,46.05331,31.999527,37.0
48.169872,87.010216,45.481724,31.99981,37.0
48.16015,85.25857,44.795845,31.999674,37.0
48.170055,83.43614,43.527588,32.000065,37.0
48.160114,86.78049,45.43682,31.999651,37.0
48.160076,83.117035,46.521587,31.999836,37.0
48.169975,83.83141,42.87173,31.99995,37.0
48.17009,83.725845,40.950687,32.000034,37.0
48.16012,86.847885,45.62414,31.999628,37.0
48.169765,86.05362,45.150406,31.999975,37.0
48.161873,80.4539,45.1661,31.999966,37.0
48.16996,84.33669,44.13139,32.00009,37.0
48.169994,82.12103,45.442356,31.99993,37.0
48.16009,83.53021,45.034878,31.99973,37.0
48.160095,82.948296,46.52961,31.999796,37.0
48.16011,86.28818,45.068344,31.999626,37.0
48.161015,81.79909,42.277817,31.999992,37.0
48.17003,83.92299,42.02557,32.00005,37.0
48.169804,86.91731,46.11251,32.00004,37.0
48.16007,86.88806,45.554596,31.999699,37.0
48.17,82.392365,44.787025,32.00002,37.0
48.16999,83.60764,42.456512,31.999908,37.0
48.170086,83.64791,40.547924,32.000023,37.0
48.17006,83.82054,41.14378,32.00005,37.0
48.160133,81.70583,44.704643,31.99995,37.0
48.169933,87.49625,47.125946,32.0002,37.0
48.170013,84.21371,44.03442,32.000004,37.0
48.160145,86.23911,45.49896,31.999725,37.0
48.16008,83.16374,46.03597,31.999874,37.0
48.16012,80.529854,45.429337,31.99988,37.0
48.160175,83.4249,39.498974,31.999794,37.0
48.160076,81.48929,44.6848,31.99997,37.0
48.16012,83.613304,40.943203,31.999758,37.0
48.16012,87.75733,46.19256,31.999636,37.0
48.160137,81.48455,45.301357,31.999866,37.0
48.16012,83.52197,39.960423,31.999743,37.0
48.169853,84.097275,46.830177,32.000122,37.0
48.16983,84.711266,44.629616,32.000023,37.0
48.170013,81.37267,44.93054,31.99999,37.0
48.16013,85.003174,44.54196,31.999697,37.0
48.169846,86.648834,45.368717,31.999918,37.0
48.169823,84.8396,45.237858,31.999945,37.0
48.160107,83.72494,42.173794,31.999765,37.0
48.160156,87.95889,46.642544,31.99951,37.0
48.160107,84.80084,44.40581,31.999672,37.0
48.169907,84.95773,44.60474,31.999947,37.0
48.169926,81.61705,45.96561,32.000015,37.0
48.16011,84.43714,43.80546,31.999754,37.0
48.169785,87.526375,47.150673,32.000233,37.0
48.169834,84.61369,44.372494,31.999973,36.999992
48.17003,82.99269,44.29256,32.00003,37.0
48.170067,83.44047,39.991188,32.000034,37.0
48.160122,82.31781,44.369648,31.99995,37.0
48.160133,83.78977,42.249195,31.99975,37.0
48.17004,83.72297,41.848766,32.000004,37.0
48.169968,84.66278,44.127995,31.999989,37.0
48.16995,84.72711,44.302296,31.999973,37.0
48.16983,86.84128,45.45241,31.999851,37.0
48.160122,82.8522,43.099106,31.999878,37.0
48.16996,84.16331,43.387955,32.0,37.0
48.16011,84.49304,44.47009,31.99979,37.0
48.169975,83.76899,42.14592,31.999979,37.0
48.160114,86.277245,45.292835,31.9997,37.0
48.16008,84.95957,44.486412,31.999739,37.0
